#software: Lavf63.1.101
#tb 0: 1/48000
#media_type 0: audio
#codec_id 0: pcm_f32le
#sample_rate 0: 48000
#channel_layout_name 0: 5.1(side)
0,          0,          0,      512,    12288, 0x707ec8b7
0,        512,        512,      512,    12288, 0x6b8a9cc4
0,       1024,       1024,      512,    12288, 0x523ce73b
0,       1536,       1536,      512,    12288, 0x125d3779
0,       2048,       2048,      512,    12288, 0xbc171b3b
0,       2560,       2560,      512,    12288, 0xded7a935
0,       3072,       3072,      512,    12288, 0x78933c04
0,       3584,       3584,      512,    12288, 0x65e0ab31
0,       4096,       4096,      512,    12288, 0x658ef01a
0,       4608,       4608,      512,    12288, 0x0fb6989e
0,       5120,       5120,      512,    12288, 0xabb260a6
0,       5632,       5632,      512,    12288, 0xf17acd18
0,       6144,       6144,      512,    12288, 0xce4f9bb9
0,       6656,       6656,      512,    12288, 0x8291c8f5
0,       7168,       7168,      512,    12288, 0x7a960219
0,       7680,       7680,      512,    12288, 0xb9ec6add
0,       8192,       8192,      512,    12288, 0x7c857f5f
0,       8704,       8704,      512,    12288, 0x48b362ac
0,       9216,       9216,      512,    12288, 0xb69c854c
0,       9728,       9728,      512,    12288, 0x92c67114
0,      10240,      10240,      512,    12288, 0x6a13ee51
0,      10752,      10752,      512,    12288, 0x5803d23e
0,      11264,      11264,      512,    12288, 0xa2f13bb3
0,      11776,      11776,      512,    12288, 0x1db2c73e
0,      12288,      12288,      512,    12288, 0x881ee5c7
0,      12800,      12800,      512,    12288, 0x78b74efc
0,      13312,      13312,      512,    12288, 0xe21bfa36
0,      13824,      13824,      512,    12288, 0xc50cf98a
0,      14336,      14336,      512,    12288, 0x22a9716d
0,      14848,      14848,      512,    12288, 0x4148b0d2
0,      15360,      15360,      512,    12288, 0xbe167e14
0,      15872,      15872,      512,    12288, 0x2fd23de9
0,      16384,      16384,      512,    12288, 0xcecdcfee
0,      16896,      16896,      512,    12288, 0x117f7004
0,      17408,      17408,      512,    12288, 0xfa06dea4
0,      17920,      17920,      512,    12288, 0xd9f6cfe5
0,      18432,      18432,      512,    12288, 0x301f12ef
0,      18944,      18944,      512,    12288, 0x02691faa
0,      19456,      19456,      512,    12288, 0x8abbadff
0,      19968,      19968,      512,    12288, 0x3d188b12
0,      20480,      20480,      512,    12288, 0x63e00604
0,      20992,      20992,      512,    12288, 0xe88f8ac3
0,      21504,      21504,      512,    12288, 0xb7a55c43
0,      22016,      22016,      512,    12288, 0x301e37d1
0,      22528,      22528,      512,    12288, 0x50ffa2d2
0,      23040,      23040,      512,    12288, 0x437b8287
0,      23552,      23552,      512,    12288, 0x3e08a534
0,      24064,      24064,      512,    12288, 0xc6effdf1
0,      24576,      24576,      512,    12288, 0x925c659f
0,      25088,      25088,      512,    12288, 0x814d964d
0,      25600,      25600,      512,    12288, 0xd37b5144
0,      26112,      26112,      512,    12288, 0x9651e154
0,      26624,      26624,      512,    12288, 0x48d78a93
0,      27136,      27136,      512,    12288, 0xf6ab06ee
0,      27648,      27648,      512,    12288, 0x0622a999
0,      28160,      28160,      512,    12288, 0xf13d64d6
0,      28672,      28672,      512,    12288, 0xcafa8000
0,      29184,      29184,      512,    12288, 0xa53cb180
0,      29696,      29696,      512,    12288, 0xa6363cda
0,      30208,      30208,      512,    12288, 0x4a3dd552
0,      30720,      30720,      512,    12288, 0x864dd0a6
0,      31232,      31232,      512,    12288, 0xb1e32001
0,      31744,      31744,      512,    12288, 0x2cf23a16
0,      32256,      32256,      512,    12288, 0x0c2111cb
0,      32768,      32768,      512,    12288, 0x67b3118d
0,      33280,      33280,      512,    12288, 0xaeed1118
0,      33792,      33792,      512,    12288, 0xda8eab34
0,      34304,      34304,      512,    12288, 0x5674184e
0,      34816,      34816,      512,    12288, 0x6c3ba6a0
0,      35328,      35328,      512,    12288, 0xb20ec59c
0,      35840,      35840,      512,    12288, 0x3552a748
0,      36352,      36352,      512,    12288, 0x12705002
0,      36864,      36864,      512,    12288, 0xf8a6d07a
0,      37376,      37376,      512,    12288, 0xbfceedbd
0,      37888,      37888,      512,    12288, 0xf6638ed9
0,      38400,      38400,      512,    12288, 0xf5405e1a
0,      38912,      38912,      512,    12288, 0x51300176
0,      39424,      39424,      512,    12288, 0x6f6f8447
0,      39936,      39936,      512,    12288, 0x4e097130
0,      40448,      40448,      512,    12288, 0xbe3ea6ec
0,      40960,      40960,      512,    12288, 0xf65601e3
0,      41472,      41472,      512,    12288, 0x1603378d
0,      41984,      41984,      512,    12288, 0x7fb0ce3b
0,      42496,      42496,      512,    12288, 0xbcbffe68
0,      43008,      43008,      512,    12288, 0x4a043f99
0,      43520,      43520,      512,    12288, 0x0e35a99d
0,      44032,      44032,      512,    12288, 0x15e4b696
0,      44544,      44544,      512,    12288, 0x7139117e
0,      45056,      45056,      512,    12288, 0x573c21de
0,      45568,      45568,      512,    12288, 0xb0a2e6b1
0,      46080,      46080,      512,    12288, 0x2d5e9496
0,      46592,      46592,      512,    12288, 0xb5de1e34
0,      47104,      47104,      512,    12288, 0x69d0079d
0,      47616,      47616,      512,    12288, 0x4bda2e3f
0,      48128,      48128,      512,    12288, 0x7e41f00c
0,      48640,      48640,      512,    12288, 0x8ac98c89
0,      49152,      49152,      512,    12288, 0x074990ff
0,      49664,      49664,      512,    12288, 0xc9a2d9d6
0,      50176,      50176,      512,    12288, 0x33b20ee3
0,      50688,      50688,      512,    12288, 0xfe392904
0,      51200,      51200,      512,    12288, 0x16edf7ab
0,      51712,      51712,      512,    12288, 0x0933ea30
0,      52224,      52224,      512,    12288, 0xf2a5c8b7
0,      52736,      52736,      512,    12288, 0x2c9c61be
0,      53248,      53248,      512,    12288, 0x16976e73
0,      53760,      53760,      512,    12288, 0x871c2a3d
0,      54272,      54272,      512,    12288, 0xf1e8242a
0,      54784,      54784,      512,    12288, 0xa2793067
0,      55296,      55296,      512,    12288, 0x95d9d45c
0,      55808,      55808,      512,    12288, 0x104d94eb
0,      56320,      56320,      512,    12288, 0x89ecc83b
0,      56832,      56832,      512,    12288, 0xeac67e71
0,      57344,      57344,      512,    12288, 0xac030524
0,      57856,      57856,      512,    12288, 0xe74e144b
0,      58368,      58368,      512,    12288, 0x6fe01bbf
0,      58880,      58880,      512,    12288, 0x8b784526
0,      59392,      59392,      512,    12288, 0xef0a55f5
0,      59904,      59904,      512,    12288, 0x4c87419e
0,      60416,      60416,      512,    12288, 0x4ae2b9aa
0,      60928,      60928,      512,    12288, 0x581dbbb2
0,      61440,      61440,      512,    12288, 0xdffa8336
0,      61952,      61952,      512,    12288, 0x33e13114
0,      62464,      62464,      512,    12288, 0x8b793817
0,      62976,      62976,      512,    12288, 0x0e1cbffb
0,      63488,      63488,      512,    12288, 0x927826c7
0,      64000,      64000,      512,    12288, 0x7a976831
0,      64512,      64512,      512,    12288, 0xccb74281
0,      65024,      65024,      512,    12288, 0xa2c95543
0,      65536,      65536,      512,    12288, 0x71e20f1e
0,      66048,      66048,      512,    12288, 0x79102f6e
0,      66560,      66560,      512,    12288, 0x9d69b1d0
0,      67072,      67072,      512,    12288, 0xef72b6c8
0,      67584,      67584,      512,    12288, 0x4ae0ce8d
0,      68096,      68096,      512,    12288, 0xf0c6e9b2
0,      68608,      68608,      512,    12288, 0x939fa50a
0,      69120,      69120,      512,    12288, 0x5415a109
0,      69632,      69632,      512,    12288, 0x7d92ab29
0,      70144,      70144,      512,    12288, 0xcb34d8cd
0,      70656,      70656,      512,    12288, 0xa7a810b9
0,      71168,      71168,      512,    12288, 0x8cb7e3e5
0,      71680,      71680,      512,    12288, 0xc26658a8
0,      72192,      72192,      512,    12288, 0x5d927874
0,      72704,      72704,      512,    12288, 0x80815d0d
0,      73216,      73216,      512,    12288, 0x20519d2f
0,      73728,      73728,      512,    12288, 0xc8b76472
0,      74240,      74240,      512,    12288, 0x70bd0dd6
0,      74752,      74752,      512,    12288, 0xbe0ddc7f
0,      75264,      75264,      512,    12288, 0x46822f40
0,      75776,      75776,      512,    12288, 0x61ae50a4
0,      76288,      76288,      512,    12288, 0x82ad4fab
0,      76800,      76800,      512,    12288, 0xc86e6801
0,      77312,      77312,      512,    12288, 0x10936652
0,      77824,      77824,      512,    12288, 0xa418fe4c
0,      78336,      78336,      512,    12288, 0xde51de99
0,      78848,      78848,      512,    12288, 0xce74d459
0,      79360,      79360,      512,    12288, 0x1f8fd3b8
0,      79872,      79872,      512,    12288, 0xcfc5ef52
0,      80384,      80384,      512,    12288, 0xe59458f6
0,      80896,      80896,      512,    12288, 0x2b066067
0,      81408,      81408,      512,    12288, 0xc19291fb
0,      81920,      81920,      512,    12288, 0x4d8ab893
0,      82432,      82432,      512,    12288, 0x576fb04e
0,      82944,      82944,      512,    12288, 0xad584fb4
0,      83456,      83456,      512,    12288, 0xa85b777e
0,      83968,      83968,      512,    12288, 0x0c813d2c
0,      84480,      84480,      512,    12288, 0x94969584
0,      84992,      84992,      512,    12288, 0xeb679015
0,      85504,      85504,      512,    12288, 0xa1697eb1
0,      86016,      86016,      512,    12288, 0xcf1c22f4
0,      86528,      86528,      512,    12288, 0x2aeaae75
0,      87040,      87040,      512,    12288, 0xc569da80
0,      87552,      87552,      512,    12288, 0xffe42922
0,      88064,      88064,      512,    12288, 0x3cf4b313
0,      88576,      88576,      512,    12288, 0x417251d3
0,      89088,      89088,      512,    12288, 0x5ff7ea91
0,      89600,      89600,      512,    12288, 0x13786b77
0,      90112,      90112,      512,    12288, 0xe7fe8bec
0,      90624,      90624,      512,    12288, 0x5651c450
0,      91136,      91136,      512,    12288, 0xb28d8b4f
0,      91648,      91648,      512,    12288, 0x80197f60
0,      92160,      92160,      512,    12288, 0xeac76f7c
0,      92672,      92672,      512,    12288, 0xb4dc166d
0,      93184,      93184,      512,    12288, 0x9b59ab1e
0,      93696,      93696,      512,    12288, 0x155fe273
0,      94208,      94208,      512,    12288, 0x3f5c1e23
0,      94720,      94720,      512,    12288, 0x0eebc11d
0,      95232,      95232,      512,    12288, 0x9c2f8b35
0,      95744,      95744,      512,    12288, 0xfd83d168
0,      96256,      96256,      512,    12288, 0x48387469
0,      96768,      96768,      512,    12288, 0xd7d9b9bb
0,      97280,      97280,      512,    12288, 0xdd0c1d17
0,      97792,      97792,      512,    12288, 0x774362c1
0,      98304,      98304,      512,    12288, 0x67e365fd
0,      98816,      98816,      512,    12288, 0xdb917af2
0,      99328,      99328,      512,    12288, 0x0f393804
0,      99840,      99840,      512,    12288, 0x7bbdcf0f
0,     100352,     100352,      512,    12288, 0x84374fc4
0,     100864,     100864,      512,    12288, 0x5906c79d
0,     101376,     101376,      512,    12288, 0x1a049fdb
0,     101888,     101888,      512,    12288, 0x02a8b37b
0,     102400,     102400,      512,    12288, 0x7f83fa90
0,     102912,     102912,      512,    12288, 0x1a8c20e1
0,     103424,     103424,      512,    12288, 0x95d3bec9
0,     103936,     103936,      512,    12288, 0x3990fd27
0,     104448,     104448,      512,    12288, 0xf49f926f
0,     104960,     104960,      512,    12288, 0xd41560bb
0,     105472,     105472,      512,    12288, 0xb2f1c39d
0,     105984,     105984,      512,    12288, 0x82851665
0,     106496,     106496,      512,    12288, 0x664feb26
0,     107008,     107008,      512,    12288, 0xc0ca7cb7
0,     107520,     107520,      512,    12288, 0x709a61f1
0,     108032,     108032,      512,    12288, 0x9fddd9c0
0,     108544,     108544,      512,    12288, 0xcdaadf72
0,     109056,     109056,      512,    12288, 0xa571668f
0,     109568,     109568,      512,    12288, 0xcf19c18a
0,     110080,     110080,      512,    12288, 0xde2cfdd9
0,     110592,     110592,      512,    12288, 0x6732f46b
0,     111104,     111104,      512,    12288, 0x9f086927
0,     111616,     111616,      512,    12288, 0x16313f6c
0,     112128,     112128,      512,    12288, 0x593e115c
0,     112640,     112640,      512,    12288, 0x2b49c891
0,     113152,     113152,      512,    12288, 0x554e6841
0,     113664,     113664,      512,    12288, 0x05f99046
0,     114176,     114176,      512,    12288, 0x00026707
0,     114688,     114688,      512,    12288, 0x4bd20859
0,     115200,     115200,      512,    12288, 0x72b832f0
0,     115712,     115712,      512,    12288, 0x03b05741
0,     116224,     116224,      512,    12288, 0xd6932db7
0,     116736,     116736,      512,    12288, 0x070f2411
0,     117248,     117248,      512,    12288, 0x12dd4ed5
0,     117760,     117760,      512,    12288, 0x812d1097
0,     118272,     118272,      512,    12288, 0xc8f7c80c
0,     118784,     118784,      512,    12288, 0xd15fab21
0,     119296,     119296,      512,    12288, 0x3a2b36dd
0,     119808,     119808,      512,    12288, 0xd8f36665
0,     120320,     120320,      512,    12288, 0x1393df0f
0,     120832,     120832,      512,    12288, 0x7d3de9d6
0,     121344,     121344,      512,    12288, 0x07cfc517
0,     121856,     121856,      512,    12288, 0xbefbdb33
0,     122368,     122368,      512,    12288, 0xe50a77ca
0,     122880,     122880,      512,    12288, 0x5e0c3d26
0,     123392,     123392,      512,    12288, 0x81e64cdc
0,     123904,     123904,      512,    12288, 0x6ee110ff
0,     124416,     124416,      512,    12288, 0xf497ec55
0,     124928,     124928,      512,    12288, 0x7ffb5bef
0,     125440,     125440,      512,    12288, 0x20dd4e8f
0,     125952,     125952,      512,    12288, 0x37292bbb
0,     126464,     126464,      512,    12288, 0xf276c419
0,     126976,     126976,      512,    12288, 0x16b1fccd
0,     127488,     127488,      512,    12288, 0xd09aadbb
0,     128000,     128000,      512,    12288, 0x4b48354e
0,     128512,     128512,      512,    12288, 0xc021f873
0,     129024,     129024,      512,    12288, 0xe1abf168
0,     129536,     129536,      512,    12288, 0x0d12310e
0,     130048,     130048,      512,    12288, 0x5c424f78
0,     130560,     130560,      512,    12288, 0xe7606893
0,     131072,     131072,      512,    12288, 0x210e8967
0,     131584,     131584,      512,    12288, 0xabba9e28
0,     132096,     132096,      512,    12288, 0x0afc1434
0,     132608,     132608,      512,    12288, 0x5506072c
0,     133120,     133120,      512,    12288, 0x0f0b80e9
0,     133632,     133632,      512,    12288, 0x47a7088a
0,     134144,     134144,      512,    12288, 0x5bac1696
0,     134656,     134656,      512,    12288, 0x03e0fce8
0,     135168,     135168,      512,    12288, 0xf3435d0b
0,     135680,     135680,      512,    12288, 0x1d72d68b
0,     136192,     136192,      512,    12288, 0x1f179383
0,     136704,     136704,      512,    12288, 0xba455d9a
0,     137216,     137216,      512,    12288, 0x1a7f5761
0,     137728,     137728,      512,    12288, 0x9f9ed8eb
0,     138240,     138240,      512,    12288, 0xac70a382
0,     138752,     138752,      512,    12288, 0x7f6b7d07
0,     139264,     139264,      512,    12288, 0xf77b74d1
0,     139776,     139776,      512,    12288, 0x103c260a
0,     140288,     140288,      512,    12288, 0x0995e345
0,     140800,     140800,      512,    12288, 0xa56e1335
0,     141312,     141312,      512,    12288, 0xfc7a6dbe
0,     141824,     141824,      512,    12288, 0x1f5d3f22
0,     142336,     142336,      512,    12288, 0x2be43e8c
0,     142848,     142848,      512,    12288, 0x1ebaffaf
0,     143360,     143360,      512,    12288, 0xc4759e32
0,     143872,     143872,      512,    12288, 0x4193be32
0,     144384,     144384,      512,    12288, 0x0fb4ae1c
0,     144896,     144896,      512,    12288, 0xc584772e
0,     145408,     145408,      512,    12288, 0xc8c121b5
0,     145920,     145920,      512,    12288, 0x548df5ad
0,     146432,     146432,      512,    12288, 0x74c436c9
0,     146944,     146944,      512,    12288, 0x73c342d0
0,     147456,     147456,      512,    12288, 0xa9927514
0,     147968,     147968,      512,    12288, 0x453626e0
0,     148480,     148480,      512,    12288, 0x455816e7
0,     148992,     148992,      512,    12288, 0x58bffc9b
0,     149504,     149504,      512,    12288, 0x2388c18b
0,     150016,     150016,      512,    12288, 0xdca6acae
0,     150528,     150528,      512,    12288, 0x553b0e44
0,     151040,     151040,      512,    12288, 0xeeaba606
0,     151552,     151552,      512,    12288, 0xff0e2ff4
0,     152064,     152064,      512,    12288, 0x9bb2e09a
0,     152576,     152576,      512,    12288, 0x6c9c8f20
0,     153088,     153088,      512,    12288, 0x0ff0574e
0,     153600,     153600,      512,    12288, 0xfa658930
0,     154112,     154112,      512,    12288, 0x6d00b1f3
0,     154624,     154624,      512,    12288, 0x9fefecb0
0,     155136,     155136,      512,    12288, 0xa2305583
0,     155648,     155648,      512,    12288, 0x90d23813
0,     156160,     156160,      512,    12288, 0xe5f0dfd3
0,     156672,     156672,      512,    12288, 0x95b47813
0,     157184,     157184,      512,    12288, 0x603efe24
0,     157696,     157696,      512,    12288, 0x2896949b
0,     158208,     158208,      512,    12288, 0x7f6061aa
0,     158720,     158720,      512,    12288, 0xa862c556
0,     159232,     159232,      512,    12288, 0x931611dd
0,     159744,     159744,      512,    12288, 0x23a0924a
0,     160256,     160256,      512,    12288, 0x77120a5b
0,     160768,     160768,      512,    12288, 0xea18dc70
0,     161280,     161280,      512,    12288, 0xcfb7136c
0,     161792,     161792,      512,    12288, 0xdd942206
0,     162304,     162304,      512,    12288, 0xd72b9e36
0,     162816,     162816,      512,    12288, 0xdeb6a96d
0,     163328,     163328,      512,    12288, 0xe24c3278
0,     163840,     163840,      512,    12288, 0x4ac149be
0,     164352,     164352,      512,    12288, 0x14b82422
0,     164864,     164864,      512,    12288, 0xe193d0be
0,     165376,     165376,      512,    12288, 0x54b47c75
0,     165888,     165888,      512,    12288, 0x8459bf11
0,     166400,     166400,      512,    12288, 0x416a4a8a
0,     166912,     166912,      512,    12288, 0xab60497a
0,     167424,     167424,      512,    12288, 0xced8c275
0,     167936,     167936,      512,    12288, 0x0ea35464
0,     168448,     168448,      512,    12288, 0xffe5f369
0,     168960,     168960,      512,    12288, 0xc3e902ed
0,     169472,     169472,      512,    12288, 0xb693739e
0,     169984,     169984,      512,    12288, 0x88096933
0,     170496,     170496,      512,    12288, 0xe24a0340
0,     171008,     171008,      512,    12288, 0x5e48625a
0,     171520,     171520,      512,    12288, 0x508c97c6
0,     172032,     172032,      512,    12288, 0xaf879563
0,     172544,     172544,      512,    12288, 0x8d0abcc1
0,     173056,     173056,      512,    12288, 0xd6bb9887
0,     173568,     173568,      512,    12288, 0x9031a1ff
0,     174080,     174080,      512,    12288, 0xc26a9a9f
0,     174592,     174592,      512,    12288, 0xee7fa44a
0,     175104,     175104,      512,    12288, 0xc1704657
0,     175616,     175616,      512,    12288, 0xe270a450
0,     176128,     176128,      512,    12288, 0xd2fa68bd
0,     176640,     176640,      512,    12288, 0xc3990ff3
0,     177152,     177152,      512,    12288, 0xd4b6832c
0,     177664,     177664,      512,    12288, 0xc918f390
0,     178176,     178176,      512,    12288, 0xf81569e1
0,     178688,     178688,      512,    12288, 0xd8cc75a6
0,     179200,     179200,      512,    12288, 0x99c0bcaf
0,     179712,     179712,      512,    12288, 0x133c75bc
0,     180224,     180224,      512,    12288, 0x95723507
0,     180736,     180736,      512,    12288, 0xedf99627
0,     181248,     181248,      512,    12288, 0xe25cd6d7
0,     181760,     181760,      512,    12288, 0xf09e96ac
0,     182272,     182272,      512,    12288, 0x6719ec8a
0,     182784,     182784,      512,    12288, 0xdfaf28f7
0,     183296,     183296,      512,    12288, 0x7f3da716
0,     183808,     183808,      512,    12288, 0x94612b72
0,     184320,     184320,      512,    12288, 0x0a2db4c7
0,     184832,     184832,      512,    12288, 0xe8e69841
0,     185344,     185344,      512,    12288, 0x4cc0242f
0,     185856,     185856,      512,    12288, 0x4a8b65db
0,     186368,     186368,      512,    12288, 0xbc63e72e
0,     186880,     186880,      512,    12288, 0xde7bbcb5
0,     187392,     187392,      512,    12288, 0xf8937be7
0,     187904,     187904,      512,    12288, 0x6a6608eb
0,     188416,     188416,      512,    12288, 0x83d36c64
0,     188928,     188928,      512,    12288, 0x86ffb162
0,     189440,     189440,      512,    12288, 0x9e5615be
0,     189952,     189952,      512,    12288, 0x2e1e90e4
0,     190464,     190464,      512,    12288, 0xe831089e
0,     190976,     190976,      512,    12288, 0x20aec15d
0,     191488,     191488,      512,    12288, 0xa88f32c0
0,     192000,     192000,      512,    12288, 0xd7fc20ab
0,     192512,     192512,      512,    12288, 0xea947338
0,     193024,     193024,      512,    12288, 0x0340cf43
0,     193536,     193536,      512,    12288, 0xa99a3fd6
0,     194048,     194048,      512,    12288, 0xe1e63db0
0,     194560,     194560,      512,    12288, 0xcedb61ab
0,     195072,     195072,      512,    12288, 0x7e8350d3
0,     195584,     195584,      512,    12288, 0x5f8c5584
0,     196096,     196096,      512,    12288, 0x642f2055
0,     196608,     196608,      512,    12288, 0x8f5ac6f5
0,     197120,     197120,      512,    12288, 0xf62e11a4
0,     197632,     197632,      512,    12288, 0x274d0025
0,     198144,     198144,      512,    12288, 0x22b011ca
0,     198656,     198656,      512,    12288, 0x4878d5ca
0,     199168,     199168,      512,    12288, 0xa4071e4c
0,     199680,     199680,      512,    12288, 0x882bdedb
0,     200192,     200192,      512,    12288, 0x657b82de
0,     200704,     200704,      512,    12288, 0xd2411ef7
0,     201216,     201216,      512,    12288, 0x72dff369
0,     201728,     201728,      512,    12288, 0xc36cdf31
0,     202240,     202240,      512,    12288, 0x0c8d12a0
0,     202752,     202752,      512,    12288, 0xa8c01ae7
0,     203264,     203264,      512,    12288, 0x1804dfa6
0,     203776,     203776,      512,    12288, 0x9865f7cf
0,     204288,     204288,      512,    12288, 0x68af6f12
0,     204800,     204800,      512,    12288, 0xfcdb64ce
0,     205312,     205312,      512,    12288, 0x7579916e
0,     205824,     205824,      512,    12288, 0x089de288
0,     206336,     206336,      512,    12288, 0x9ad479af
0,     206848,     206848,      512,    12288, 0x40f21cbe
0,     207360,     207360,      512,    12288, 0x35038fd7
0,     207872,     207872,      512,    12288, 0x9f79dc2b
0,     208384,     208384,      512,    12288, 0xdee776d7
0,     208896,     208896,      512,    12288, 0xb7579206
0,     209408,     209408,      512,    12288, 0x3cfab660
0,     209920,     209920,      512,    12288, 0x2880b959
0,     210432,     210432,      512,    12288, 0x27bfd0e9
0,     210944,     210944,      512,    12288, 0x88a14d7e
0,     211456,     211456,      512,    12288, 0x9b0780ee
0,     211968,     211968,      512,    12288, 0x472040fa
0,     212480,     212480,      512,    12288, 0xbdfd5456
0,     212992,     212992,      512,    12288, 0xa948a309
0,     213504,     213504,      512,    12288, 0x34faaca2
0,     214016,     214016,      512,    12288, 0xba7e37bd
0,     214528,     214528,      512,    12288, 0xed82d323
0,     215040,     215040,      512,    12288, 0xcfb29fbc
0,     215552,     215552,      512,    12288, 0x544930d7
0,     216064,     216064,      512,    12288, 0x506dfeef
0,     216576,     216576,      512,    12288, 0x2001b11c
0,     217088,     217088,      512,    12288, 0xff270321
0,     217600,     217600,      512,    12288, 0xf4caf3f0
0,     218112,     218112,      512,    12288, 0xe4fcd481
0,     218624,     218624,      512,    12288, 0x5116288e
0,     219136,     219136,      512,    12288, 0x95010ef5
0,     219648,     219648,      512,    12288, 0xc6bc2f1c
0,     220160,     220160,      512,    12288, 0x897e3c04
0,     220672,     220672,      512,    12288, 0x0926f6a4
0,     221184,     221184,      512,    12288, 0xc2ebd7a0
0,     221696,     221696,      512,    12288, 0x15ce6181
0,     222208,     222208,      512,    12288, 0x8c439b5e
0,     222720,     222720,      512,    12288, 0x86b4ba3a
0,     223232,     223232,      512,    12288, 0x51bdbe5a
0,     223744,     223744,      512,    12288, 0x48de07c6
0,     224256,     224256,      512,    12288, 0xaa0e800b
0,     224768,     224768,      512,    12288, 0x5817e21e
0,     225280,     225280,      512,    12288, 0xffb081c5
0,     225792,     225792,      512,    12288, 0xe2a77f2c
0,     226304,     226304,      512,    12288, 0xf8341687
0,     226816,     226816,      512,    12288, 0xded0c7ea
0,     227328,     227328,      512,    12288, 0x4b70f503
0,     227840,     227840,      512,    12288, 0x832d202d
0,     228352,     228352,      512,    12288, 0x1ba01f59
0,     228864,     228864,      512,    12288, 0xa196805f
0,     229376,     229376,      512,    12288, 0x39117c0a
0,     229888,     229888,      512,    12288, 0xbae71cf3
0,     230400,     230400,      512,    12288, 0x71982713
0,     230912,     230912,      512,    12288, 0x8b8e86c7
0,     231424,     231424,      512,    12288, 0xa3318fd7
0,     231936,     231936,      512,    12288, 0xfce0890e
0,     232448,     232448,      512,    12288, 0x76411012
0,     232960,     232960,      512,    12288, 0x6aec8428
0,     233472,     233472,      512,    12288, 0x99c7c2fc
0,     233984,     233984,      512,    12288, 0xb350a314
0,     234496,     234496,      512,    12288, 0x0c848d96
0,     235008,     235008,      512,    12288, 0x7bee3336
0,     235520,     235520,      512,    12288, 0xbb2502ce
0,     236032,     236032,      512,    12288, 0x38c9c27b
0,     236544,     236544,      512,    12288, 0x19c28dcd
0,     237056,     237056,      512,    12288, 0x71043b74
0,     237568,     237568,      512,    12288, 0x0382a80b
0,     238080,     238080,      512,    12288, 0xbae012d2
0,     238592,     238592,      512,    12288, 0x7d720b4a
0,     239104,     239104,      512,    12288, 0x832d1a60
0,     239616,     239616,      512,    12288, 0x5fbb17f1
0,     240128,     240128,      512,    12288, 0x558a0587
0,     240640,     240640,      512,    12288, 0xfbcabec7
0,     241152,     241152,      512,    12288, 0x4c322f00
0,     241664,     241664,      512,    12288, 0xe66c21e3
0,     242176,     242176,      512,    12288, 0x3f051e98
0,     242688,     242688,      512,    12288, 0x8d4b9546
0,     243200,     243200,      512,    12288, 0xecc63cf8
0,     243712,     243712,      512,    12288, 0xaaf39ded
0,     244224,     244224,      512,    12288, 0x8f83affd
0,     244736,     244736,      512,    12288, 0xac79448b
0,     245248,     245248,      512,    12288, 0x72433410
0,     245760,     245760,      512,    12288, 0xd5c5cf98
0,     246272,     246272,      512,    12288, 0xea4cad85
0,     246784,     246784,      512,    12288, 0x3093e4de
0,     247296,     247296,      512,    12288, 0x4f1579a3
0,     247808,     247808,      512,    12288, 0x48456d37
0,     248320,     248320,      512,    12288, 0xce9d8fbe
0,     248832,     248832,      512,    12288, 0x92b0445f
0,     249344,     249344,      512,    12288, 0x1c9c1a1f
0,     249856,     249856,      512,    12288, 0xfdbed775
0,     250368,     250368,      512,    12288, 0x0ce78f8a
0,     250880,     250880,      512,    12288, 0xfafa4460
0,     251392,     251392,      512,    12288, 0x56792d3a
0,     251904,     251904,      512,    12288, 0x7502c140
0,     252416,     252416,      512,    12288, 0x9cb77ece
0,     252928,     252928,      512,    12288, 0xf27c7fb7
0,     253440,     253440,      512,    12288, 0x28ed3aea
0,     253952,     253952,      512,    12288, 0x2d66acb9
0,     254464,     254464,      512,    12288, 0x7aedab42
0,     254976,     254976,      512,    12288, 0x82331146
0,     255488,     255488,      512,    12288, 0xc7e838fc
0,     256000,     256000,      512,    12288, 0xea86ff0a
0,     256512,     256512,      512,    12288, 0xa2d638a5
0,     257024,     257024,      512,    12288, 0xae6429f5
0,     257536,     257536,      512,    12288, 0x8e973932
0,     258048,     258048,      512,    12288, 0x7ab98e61
0,     258560,     258560,      512,    12288, 0x9f98eb1c
0,     259072,     259072,      512,    12288, 0xf9c35aa7
0,     259584,     259584,      512,    12288, 0x6ceeb62c
0,     260096,     260096,      512,    12288, 0x8667e44a
0,     260608,     260608,      512,    12288, 0x39856836
0,     261120,     261120,      512,    12288, 0x61415922
0,     261632,     261632,      512,    12288, 0xeed8ed4a
0,     262144,     262144,      512,    12288, 0x0dec6289
0,     262656,     262656,      512,    12288, 0x46fe725c
0,     263168,     263168,      512,    12288, 0xb0bff86a
0,     263680,     263680,      512,    12288, 0x85ae341a
0,     264192,     264192,      512,    12288, 0x4036bb2f
0,     264704,     264704,      512,    12288, 0x912f29b5
0,     265216,     265216,      512,    12288, 0xc737583b
0,     265728,     265728,      512,    12288, 0x8bb28724
0,     266240,     266240,      512,    12288, 0x1b013846
0,     266752,     266752,      512,    12288, 0x965ded80
0,     267264,     267264,      512,    12288, 0x1a4a9678
0,     267776,     267776,      512,    12288, 0x22045b62
0,     268288,     268288,      512,    12288, 0xe2061074
0,     268800,     268800,      512,    12288, 0xde1ec43e
0,     269312,     269312,      512,    12288, 0xdf3a1507
0,     269824,     269824,      512,    12288, 0x04a5f8a7
0,     270336,     270336,      512,    12288, 0x9b23bebc
0,     270848,     270848,      512,    12288, 0x60668bbb
0,     271360,     271360,      512,    12288, 0x6a24b766
0,     271872,     271872,      512,    12288, 0xe773830c
0,     272384,     272384,      512,    12288, 0xf13bc00e
0,     272896,     272896,      512,    12288, 0xb98c1296
0,     273408,     273408,      512,    12288, 0x6527cf44
0,     273920,     273920,      512,    12288, 0x321d7318
0,     274432,     274432,      512,    12288, 0x0d398eb1
0,     274944,     274944,      512,    12288, 0x5916e909
0,     275456,     275456,      512,    12288, 0xa00e4999
0,     275968,     275968,      512,    12288, 0xfc544a19
0,     276480,     276480,      512,    12288, 0x9f1a1608
0,     276992,     276992,      512,    12288, 0x68ff8493
0,     277504,     277504,      512,    12288, 0xacc4e211
0,     278016,     278016,      512,    12288, 0xa3f1149e
0,     278528,     278528,      512,    12288, 0x28f2c90b
0,     279040,     279040,      512,    12288, 0xb03287c7
0,     279552,     279552,      512,    12288, 0x88c5ef32
0,     280064,     280064,      512,    12288, 0x7e1b3c6c
0,     280576,     280576,      512,    12288, 0xdff9d7c1
0,     281088,     281088,      512,    12288, 0x809b3369
0,     281600,     281600,      512,    12288, 0x479851fc
0,     282112,     282112,      512,    12288, 0x609aa10f
0,     282624,     282624,      512,    12288, 0x8e86a878
0,     283136,     283136,      512,    12288, 0xf5c42846
0,     283648,     283648,      512,    12288, 0x498aef79
0,     284160,     284160,      512,    12288, 0x543527d6
0,     284672,     284672,      512,    12288, 0x238790ac
0,     285184,     285184,      512,    12288, 0x060b68ae
0,     285696,     285696,      512,    12288, 0x601f1dd1
0,     286208,     286208,      512,    12288, 0x6926cea1
0,     286720,     286720,      512,    12288, 0xc615ac58
0,     287232,     287232,      512,    12288, 0x52bf2d67
0,     287744,     287744,      512,    12288, 0x47af2e9c
0,     288256,     288256,      512,    12288, 0x6f1c1c40
0,     288768,     288768,      512,    12288, 0xb345f200
0,     289280,     289280,      512,    12288, 0x1c613ba6
0,     289792,     289792,      512,    12288, 0x8501dc1f
0,     290304,     290304,      512,    12288, 0x2bf1a12f
0,     290816,     290816,      512,    12288, 0xb65533a3
0,     291328,     291328,      512,    12288, 0x5b935f7c
0,     291840,     291840,      512,    12288, 0xafe84917
0,     292352,     292352,      512,    12288, 0x2a4506f3
0,     292864,     292864,      512,    12288, 0x08938f3d
0,     293376,     293376,      512,    12288, 0xcf0b3694
0,     293888,     293888,      512,    12288, 0xe67d671e
0,     294400,     294400,      512,    12288, 0x021314e4
0,     294912,     294912,      512,    12288, 0x521524df
0,     295424,     295424,      512,    12288, 0x26a27a98
0,     295936,     295936,      512,    12288, 0xf2e43acc
0,     296448,     296448,      512,    12288, 0xcab8c514
0,     296960,     296960,      512,    12288, 0xa26f2f4f
0,     297472,     297472,      512,    12288, 0x83d95229
0,     297984,     297984,      512,    12288, 0x7761a402
0,     298496,     298496,      512,    12288, 0x620dc5eb
0,     299008,     299008,      512,    12288, 0xfbf1603f
0,     299520,     299520,      512,    12288, 0xc078676f
0,     300032,     300032,      512,    12288, 0xa7ae3deb
0,     300544,     300544,      512,    12288, 0x38cfd2d5
0,     301056,     301056,      512,    12288, 0xb603f902
0,     301568,     301568,      512,    12288, 0x20c6f793
0,     302080,     302080,      512,    12288, 0xb213dab6
0,     302592,     302592,      512,    12288, 0xd08e8e17
0,     303104,     303104,      512,    12288, 0x67f5a137
0,     303616,     303616,      512,    12288, 0xae36d281
0,     304128,     304128,      512,    12288, 0x35d0ab7d
0,     304640,     304640,      512,    12288, 0x8863271e
0,     305152,     305152,      512,    12288, 0x12ee36f2
0,     305664,     305664,      512,    12288, 0x6ca07598
0,     306176,     306176,      512,    12288, 0x42e0ce0a
0,     306688,     306688,      512,    12288, 0xf383262b
0,     307200,     307200,      512,    12288, 0xc75f8f64
0,     307712,     307712,      512,    12288, 0x2e469133
0,     308224,     308224,      512,    12288, 0x7ae8e48b
0,     308736,     308736,      512,    12288, 0x4ab25b5d
0,     309248,     309248,      512,    12288, 0x4f34adfa
0,     309760,     309760,      512,    12288, 0xfa4e57c8
0,     310272,     310272,      512,    12288, 0x49448633
0,     310784,     310784,      512,    12288, 0x659dc6c0
0,     311296,     311296,      512,    12288, 0xde4a0714
0,     311808,     311808,      512,    12288, 0xfb95a731
0,     312320,     312320,      512,    12288, 0xe1fce1c1
0,     312832,     312832,      512,    12288, 0x57750faa
0,     313344,     313344,      512,    12288, 0x81cc0fc9
0,     313856,     313856,      512,    12288, 0xd7b3bb9b
0,     314368,     314368,      512,    12288, 0x2b848911
0,     314880,     314880,      512,    12288, 0x89fad8ce
0,     315392,     315392,      512,    12288, 0x89843e53
0,     315904,     315904,      512,    12288, 0x463b2df3
0,     316416,     316416,      512,    12288, 0x4602ad62
0,     316928,     316928,      512,    12288, 0x11907ce1
0,     317440,     317440,      512,    12288, 0xae1f8659
0,     317952,     317952,      512,    12288, 0x88e83aed
0,     318464,     318464,      512,    12288, 0x8554deb9
0,     318976,     318976,      512,    12288, 0xbe84a9e9
0,     319488,     319488,      512,    12288, 0xc4c16a2f
0,     320000,     320000,      512,    12288, 0x08d12452
0,     320512,     320512,      512,    12288, 0x7552a906
0,     321024,     321024,      512,    12288, 0xf3b7ce08
0,     321536,     321536,      512,    12288, 0x936474cc
0,     322048,     322048,      512,    12288, 0xa658edf6
0,     322560,     322560,      512,    12288, 0x72ba8d41
0,     323072,     323072,      512,    12288, 0x0a36c26e
0,     323584,     323584,      512,    12288, 0x7dad2838
0,     324096,     324096,      512,    12288, 0x5749c1bb
0,     324608,     324608,      512,    12288, 0x87f01ec6
0,     325120,     325120,      512,    12288, 0x3a37a928
0,     325632,     325632,      512,    12288, 0x743ff42d
0,     326144,     326144,      512,    12288, 0x21d11d36
0,     326656,     326656,      512,    12288, 0x90c164f6
0,     327168,     327168,      512,    12288, 0x447bc2aa
0,     327680,     327680,      512,    12288, 0xad610387
0,     328192,     328192,      512,    12288, 0x58d7a22b
0,     328704,     328704,      512,    12288, 0x1bca4bd7
0,     329216,     329216,      512,    12288, 0x102dfe43
0,     329728,     329728,      512,    12288, 0x896868ec
0,     330240,     330240,      512,    12288, 0xa2eb005e
0,     330752,     330752,      512,    12288, 0x97c47438
0,     331264,     331264,      512,    12288, 0x70c0f57e
0,     331776,     331776,      512,    12288, 0xfe6cc437
0,     332288,     332288,      512,    12288, 0x4ee7b927
0,     332800,     332800,      512,    12288, 0x6b59bc10
0,     333312,     333312,      512,    12288, 0x7d6588c3
0,     333824,     333824,      512,    12288, 0x0c7786c0
0,     334336,     334336,      512,    12288, 0x42ae3eaf
0,     334848,     334848,      512,    12288, 0xaee1e526
0,     335360,     335360,      512,    12288, 0x2dcc1a8d
0,     335872,     335872,      512,    12288, 0x324c0064
0,     336384,     336384,      512,    12288, 0x54be16ea
0,     336896,     336896,      512,    12288, 0x6560b0a2
0,     337408,     337408,      512,    12288, 0x6d07e6b2
0,     337920,     337920,      512,    12288, 0x37497e63
0,     338432,     338432,      512,    12288, 0xb723f8df
0,     338944,     338944,      512,    12288, 0x19635d53
0,     339456,     339456,      512,    12288, 0x545cba56
0,     339968,     339968,      512,    12288, 0x781abab6
0,     340480,     340480,      512,    12288, 0x1073f91c
0,     340992,     340992,      512,    12288, 0x0fc813d1
0,     341504,     341504,      512,    12288, 0x6004eaab
0,     342016,     342016,      512,    12288, 0x6f0495b0
0,     342528,     342528,      512,    12288, 0x1e85939a
0,     343040,     343040,      512,    12288, 0xcb346bdb
0,     343552,     343552,      512,    12288, 0x613e7153
0,     344064,     344064,      512,    12288, 0xcddf9c70
0,     344576,     344576,      512,    12288, 0x878e78a3
0,     345088,     345088,      512,    12288, 0x56bfe777
0,     345600,     345600,      512,    12288, 0x8e83a867
0,     346112,     346112,      512,    12288, 0x6824528d
0,     346624,     346624,      512,    12288, 0x712c3f49
0,     347136,     347136,      512,    12288, 0x6df2a6f2
0,     347648,     347648,      512,    12288, 0xd1e32625
0,     348160,     348160,      512,    12288, 0x0d473bff
0,     348672,     348672,      512,    12288, 0x6f21feb3
0,     349184,     349184,      512,    12288, 0xaf5f1b06
0,     349696,     349696,      512,    12288, 0xc90de31b
0,     350208,     350208,      512,    12288, 0x55718e20
0,     350720,     350720,      512,    12288, 0xf1fe95c3
0,     351232,     351232,      512,    12288, 0xefa6079b
0,     351744,     351744,      512,    12288, 0x60fc3dd1
0,     352256,     352256,      512,    12288, 0xb4cd155b
0,     352768,     352768,      512,    12288, 0x9e982875
0,     353280,     353280,      512,    12288, 0x77a70530
0,     353792,     353792,      512,    12288, 0xc5acb578
0,     354304,     354304,      512,    12288, 0x2f55a47b
0,     354816,     354816,      512,    12288, 0x20da4eeb
0,     355328,     355328,      512,    12288, 0xd1bfab0e
0,     355840,     355840,      512,    12288, 0x29af1562
0,     356352,     356352,      512,    12288, 0xac1a2b48
0,     356864,     356864,      512,    12288, 0x34e2634b
0,     357376,     357376,      512,    12288, 0x1f659b62
0,     357888,     357888,      512,    12288, 0x30f170cb
0,     358400,     358400,      512,    12288, 0x56187755
0,     358912,     358912,      512,    12288, 0x3e42ef79
0,     359424,     359424,      512,    12288, 0xa5ed0324
0,     359936,     359936,      512,    12288, 0x460645f9
0,     360448,     360448,      512,    12288, 0x7930b59f
0,     360960,     360960,      512,    12288, 0xf7d0f1f4
0,     361472,     361472,      512,    12288, 0xcfc2052e
0,     361984,     361984,      512,    12288, 0x7d5c3acc
0,     362496,     362496,      512,    12288, 0x1ee5fec6
0,     363008,     363008,      512,    12288, 0x2d1163c7
0,     363520,     363520,      512,    12288, 0x75196c17
0,     364032,     364032,      512,    12288, 0xa12c5f91
0,     364544,     364544,      512,    12288, 0xfd301e75
0,     365056,     365056,      512,    12288, 0xb36018d8
0,     365568,     365568,      512,    12288, 0x8b684b26
0,     366080,     366080,      512,    12288, 0xae56637b
0,     366592,     366592,      512,    12288, 0xa0451371
0,     367104,     367104,      512,    12288, 0xbca38eca
0,     367616,     367616,      512,    12288, 0xe96c2a3a
0,     368128,     368128,      512,    12288, 0xa641d004
0,     368640,     368640,      512,    12288, 0x8835d15a
0,     369152,     369152,      512,    12288, 0xfc671659
0,     369664,     369664,      512,    12288, 0xb1170ae2
0,     370176,     370176,      512,    12288, 0xa5bc3055
0,     370688,     370688,      512,    12288, 0x537c0691
0,     371200,     371200,      512,    12288, 0x2ce55aaa
0,     371712,     371712,      512,    12288, 0x7d1e3cca
0,     372224,     372224,      512,    12288, 0x9bd299d4
0,     372736,     372736,      512,    12288, 0x9a5deb37
0,     373248,     373248,      512,    12288, 0x7d42301a
0,     373760,     373760,      512,    12288, 0x824ba4ab
0,     374272,     374272,      512,    12288, 0x3901c718
0,     374784,     374784,      512,    12288, 0x3ccc7099
0,     375296,     375296,      512,    12288, 0x08ab558f
0,     375808,     375808,      512,    12288, 0x92fd882b
0,     376320,     376320,      512,    12288, 0x7153ce90
0,     376832,     376832,      512,    12288, 0xade34074
0,     377344,     377344,      512,    12288, 0xa1340f99
0,     377856,     377856,      512,    12288, 0x6d2ccc5f
0,     378368,     378368,      512,    12288, 0x89deb341
0,     378880,     378880,      512,    12288, 0x3f91e317
0,     379392,     379392,      512,    12288, 0xed805e96
0,     379904,     379904,      512,    12288, 0x7da93152
0,     380416,     380416,      512,    12288, 0x870b5daf
0,     380928,     380928,      512,    12288, 0x3e3ff443
0,     381440,     381440,      512,    12288, 0x45490420
0,     381952,     381952,      512,    12288, 0x33e2ed8c
0,     382464,     382464,      512,    12288, 0x9b4b0618
0,     382976,     382976,      512,    12288, 0x0cbab711
0,     383488,     383488,      512,    12288, 0x8b975d16
0,     384000,     384000,      512,    12288, 0x29f0a02f
0,     384512,     384512,      512,    12288, 0x3878107d
0,     385024,     385024,      512,    12288, 0x550b1263
0,     385536,     385536,      512,    12288, 0xd665abb3
0,     386048,     386048,      512,    12288, 0x6a4579c2
0,     386560,     386560,      512,    12288, 0xaf866f57
0,     387072,     387072,      512,    12288, 0x9d63e973
0,     387584,     387584,      512,    12288, 0xf6694161
0,     388096,     388096,      512,    12288, 0xac39259b
0,     388608,     388608,      512,    12288, 0x1cbdd286
0,     389120,     389120,      512,    12288, 0x576ee05b
0,     389632,     389632,      512,    12288, 0xed3cd3a0
0,     390144,     390144,      512,    12288, 0xf5dd8f7c
0,     390656,     390656,      512,    12288, 0x363cbce7
0,     391168,     391168,      512,    12288, 0xb92ce31e
0,     391680,     391680,      512,    12288, 0x3f67cf25
0,     392192,     392192,      512,    12288, 0xc2a18428
0,     392704,     392704,      512,    12288, 0xbc880afa
0,     393216,     393216,      512,    12288, 0xcb6fd6d1
0,     393728,     393728,      512,    12288, 0x02a4ee67
0,     394240,     394240,      512,    12288, 0x49910d64
0,     394752,     394752,      512,    12288, 0x0b4268d4
0,     395264,     395264,      512,    12288, 0xea2fa849
0,     395776,     395776,      512,    12288, 0xc33ac52a
0,     396288,     396288,      512,    12288, 0x65a2804b
0,     396800,     396800,      512,    12288, 0x6f8dd7d4
0,     397312,     397312,      512,    12288, 0xd766cfe3
0,     397824,     397824,      512,    12288, 0xf83b030e
0,     398336,     398336,      512,    12288, 0xd8eae033
0,     398848,     398848,      512,    12288, 0x17291cb8
0,     399360,     399360,      512,    12288, 0x7a115256
0,     399872,     399872,      512,    12288, 0xb9462a46
0,     400384,     400384,      512,    12288, 0xbab326b4
0,     400896,     400896,      512,    12288, 0xc8e98cbb
0,     401408,     401408,      512,    12288, 0x0c65b287
0,     401920,     401920,      512,    12288, 0x247e7540
0,     402432,     402432,      512,    12288, 0xdca4d08e
0,     402944,     402944,      512,    12288, 0x9fca4c68
0,     403456,     403456,      512,    12288, 0x8f3e960f
0,     403968,     403968,      512,    12288, 0x543ea786
0,     404480,     404480,      512,    12288, 0x31947f11
0,     404992,     404992,      512,    12288, 0xfa58519c
0,     405504,     405504,      512,    12288, 0x8b2cff1c
0,     406016,     406016,      512,    12288, 0x194ea607
0,     406528,     406528,      512,    12288, 0x2e0c1c11
0,     407040,     407040,      512,    12288, 0x8ca38a5b
0,     407552,     407552,      512,    12288, 0x1081a0c4
0,     408064,     408064,      512,    12288, 0x29a5ae41
0,     408576,     408576,      512,    12288, 0x3af016ad
0,     409088,     409088,      512,    12288, 0x6bdd1c63
0,     409600,     409600,      512,    12288, 0x02b34e9f
0,     410112,     410112,      512,    12288, 0x21301477
0,     410624,     410624,      512,    12288, 0xe2550efa
0,     411136,     411136,      512,    12288, 0xbf7094d6
0,     411648,     411648,      512,    12288, 0x7ddc4be0
0,     412160,     412160,      512,    12288, 0x4d5f7e19
0,     412672,     412672,      512,    12288, 0xd75eed0d
0,     413184,     413184,      512,    12288, 0xc58c2232
0,     413696,     413696,      512,    12288, 0xa37c8f6a
0,     414208,     414208,      512,    12288, 0xa6df2f87
0,     414720,     414720,      512,    12288, 0x6d331beb
0,     415232,     415232,      512,    12288, 0x2bdfbb44
0,     415744,     415744,      512,    12288, 0xba678993
0,     416256,     416256,      512,    12288, 0xd36cc5d8
0,     416768,     416768,      512,    12288, 0x689b46dd
0,     417280,     417280,      512,    12288, 0x863dc120
0,     417792,     417792,      512,    12288, 0x0deadb47
0,     418304,     418304,      512,    12288, 0x9eced62c
0,     418816,     418816,      512,    12288, 0x17102ab0
0,     419328,     419328,      512,    12288, 0xce61379e
0,     419840,     419840,      512,    12288, 0xbeb81f10
0,     420352,     420352,      512,    12288, 0x1966373c
0,     420864,     420864,      512,    12288, 0xe216b412
0,     421376,     421376,      512,    12288, 0x274b4256
0,     421888,     421888,      512,    12288, 0x912babc0
0,     422400,     422400,      512,    12288, 0xb3b62762
0,     422912,     422912,      512,    12288, 0x65cc8bc3
0,     423424,     423424,      512,    12288, 0xc6776eff
0,     423936,     423936,      512,    12288, 0xa4b6d2a6
0,     424448,     424448,      512,    12288, 0x9e0a5ce1
0,     424960,     424960,      512,    12288, 0xdc98aaa5
0,     425472,     425472,      512,    12288, 0x2bf198cc
0,     425984,     425984,      512,    12288, 0x095d5fda
0,     426496,     426496,      512,    12288, 0xc033b9ac
0,     427008,     427008,      512,    12288, 0xd20bc52c
0,     427520,     427520,      512,    12288, 0x55749582
0,     428032,     428032,      512,    12288, 0x31349305
0,     428544,     428544,      512,    12288, 0x15b308a1
0,     429056,     429056,      512,    12288, 0x21258bee
0,     429568,     429568,      512,    12288, 0x743075d7
0,     430080,     430080,      512,    12288, 0x8309c112
0,     430592,     430592,      512,    12288, 0x2aca44f0
0,     431104,     431104,      512,    12288, 0x717b929a
0,     431616,     431616,      512,    12288, 0x02533789
0,     432128,     432128,      512,    12288, 0xfd903467
0,     432640,     432640,      512,    12288, 0x90e10f71
0,     433152,     433152,      512,    12288, 0x7b732fef
0,     433664,     433664,      512,    12288, 0xc72c54a9
0,     434176,     434176,      512,    12288, 0xa425581b
0,     434688,     434688,      512,    12288, 0xb6bf892a
0,     435200,     435200,      512,    12288, 0x50458d99
0,     435712,     435712,      512,    12288, 0x9e4b090a
0,     436224,     436224,      512,    12288, 0xe933288f
0,     436736,     436736,      512,    12288, 0x4f8fb08d
0,     437248,     437248,      512,    12288, 0x9efc1857
0,     437760,     437760,      512,    12288, 0x9818adbe
0,     438272,     438272,      512,    12288, 0x7b323a98
0,     438784,     438784,      512,    12288, 0x9845f890
0,     439296,     439296,      512,    12288, 0xe44a0f18
0,     439808,     439808,      512,    12288, 0xd3cffe90
0,     440320,     440320,      512,    12288, 0xbe4707be
0,     440832,     440832,      512,    12288, 0x264d70c1
0,     441344,     441344,      512,    12288, 0x1964aac8
0,     441856,     441856,      512,    12288, 0xbd11652e
0,     442368,     442368,      512,    12288, 0x4c96040e
0,     442880,     442880,      512,    12288, 0x2d639aee
0,     443392,     443392,      512,    12288, 0xb3fb5033
0,     443904,     443904,      512,    12288, 0xc979fd8d
0,     444416,     444416,      512,    12288, 0xbfbbed2b
0,     444928,     444928,      512,    12288, 0x3c892ce0
0,     445440,     445440,      512,    12288, 0x36cca266
0,     445952,     445952,      512,    12288, 0xd76db16b
0,     446464,     446464,      512,    12288, 0x551864cd
0,     446976,     446976,      512,    12288, 0x7ca7da3b
0,     447488,     447488,      512,    12288, 0xd7e4830b
0,     448000,     448000,      512,    12288, 0x9bfb9228
0,     448512,     448512,      512,    12288, 0x0af4b4ab
0,     449024,     449024,      512,    12288, 0x3c04177c
0,     449536,     449536,      512,    12288, 0xd7a12f1a
0,     450048,     450048,      512,    12288, 0xa910c6ac
0,     450560,     450560,      512,    12288, 0x4f8cbe59
0,     451072,     451072,      512,    12288, 0xe9812455
0,     451584,     451584,      512,    12288, 0x73e1be04
0,     452096,     452096,      512,    12288, 0xa2b4c7a3
0,     452608,     452608,      512,    12288, 0x3faac3ef
0,     453120,     453120,      512,    12288, 0x04f2bb32
0,     453632,     453632,      512,    12288, 0x682e75aa
0,     454144,     454144,      512,    12288, 0xd505de40
0,     454656,     454656,      512,    12288, 0x5d1f12b1
0,     455168,     455168,      512,    12288, 0x1daf0613
0,     455680,     455680,      512,    12288, 0x6a3e28ed
0,     456192,     456192,      512,    12288, 0xf917f568
0,     456704,     456704,      512,    12288, 0x02e66f29
0,     457216,     457216,      512,    12288, 0xad39c1e7
0,     457728,     457728,      512,    12288, 0x95cc9cc1
0,     458240,     458240,      512,    12288, 0x38bc672c
0,     458752,     458752,      512,    12288, 0xc2ec07aa
0,     459264,     459264,      512,    12288, 0xe232f693
0,     459776,     459776,      512,    12288, 0x694535e2
0,     460288,     460288,      512,    12288, 0x63ab79e9
0,     460800,     460800,      512,    12288, 0x3a33f23e
0,     461312,     461312,      512,    12288, 0xb2e960ca
0,     461824,     461824,      512,    12288, 0x2da0c80a
0,     462336,     462336,      512,    12288, 0x5dcfa845
0,     462848,     462848,      512,    12288, 0x0b7b11d8
0,     463360,     463360,      512,    12288, 0xe56b632f
0,     463872,     463872,      512,    12288, 0x71a73495
0,     464384,     464384,      512,    12288, 0x683a0847
0,     464896,     464896,      512,    12288, 0x05e86128
0,     465408,     465408,      512,    12288, 0x79a554af
0,     465920,     465920,      512,    12288, 0xd5c00ad5
0,     466432,     466432,      512,    12288, 0xf8790f60
0,     466944,     466944,      512,    12288, 0xf7e5af48
0,     467456,     467456,      512,    12288, 0x2317a381
0,     467968,     467968,      512,    12288, 0x530cf5b4
0,     468480,     468480,      512,    12288, 0x230e9c18
0,     468992,     468992,      512,    12288, 0x83faee3c
0,     469504,     469504,      512,    12288, 0xafb4b93e
0,     470016,     470016,      512,    12288, 0x6ef3b736
0,     470528,     470528,      512,    12288, 0x0f42ea7c
0,     471040,     471040,      512,    12288, 0xc8477ed6
0,     471552,     471552,      512,    12288, 0xdcd66812
0,     472064,     472064,      512,    12288, 0x16584e45
0,     472576,     472576,      512,    12288, 0x81c7b2e4
0,     473088,     473088,      512,    12288, 0x1f7f2584
0,     473600,     473600,      512,    12288, 0x97bd82e4
0,     474112,     474112,      512,    12288, 0x677c47c6
0,     474624,     474624,      512,    12288, 0xdb1ed990
0,     475136,     475136,      512,    12288, 0xe45aa1c3
0,     475648,     475648,      512,    12288, 0x535d00b5
0,     476160,     476160,      512,    12288, 0xfc9884d4
0,     476672,     476672,      512,    12288, 0x1dfd3ef3
0,     477184,     477184,      512,    12288, 0x484b10e2
0,     477696,     477696,      512,    12288, 0x333537ad
0,     478208,     478208,      512,    12288, 0x726f2ab3
0,     478720,     478720,      512,    12288, 0x47e979d7
0,     479232,     479232,      512,    12288, 0x983d419f
0,     479744,     479744,      512,    12288, 0x1c31a671
0,     480256,     480256,      512,    12288, 0x1894c824
0,     480768,     480768,      512,    12288, 0xce5abc91
0,     481280,     481280,      512,    12288, 0x276107da
0,     481792,     481792,      512,    12288, 0x4eedf0d4
0,     482304,     482304,      512,    12288, 0x14d87222
0,     482816,     482816,      512,    12288, 0x407f5d23
0,     483328,     483328,      512,    12288, 0x3628f2c8
0,     483840,     483840,      512,    12288, 0x130ab34d
0,     484352,     484352,      512,    12288, 0x0df4d7e4
0,     484864,     484864,      512,    12288, 0x9ee3b528
0,     485376,     485376,      512,    12288, 0x9b45e856
0,     485888,     485888,      512,    12288, 0x7bb79f7a
0,     486400,     486400,      512,    12288, 0x80468cf9
0,     486912,     486912,      512,    12288, 0x2c34b0ca
0,     487424,     487424,      512,    12288, 0xd6a83554
0,     487936,     487936,      512,    12288, 0x955f019c
0,     488448,     488448,      512,    12288, 0xd567cae8
0,     488960,     488960,      512,    12288, 0x5143a096
0,     489472,     489472,      512,    12288, 0x40029168
0,     489984,     489984,      512,    12288, 0xc6bf0330
0,     490496,     490496,      512,    12288, 0x1d2069c8
0,     491008,     491008,      512,    12288, 0x6ea968a4
0,     491520,     491520,      512,    12288, 0x404ddc1c
0,     492032,     492032,      512,    12288, 0x17936cbc
0,     492544,     492544,      512,    12288, 0x1011f1e5
0,     493056,     493056,      512,    12288, 0x0b9d75f7
0,     493568,     493568,      512,    12288, 0x08ea1d6e
0,     494080,     494080,      512,    12288, 0x16013d5d
0,     494592,     494592,      512,    12288, 0xb6e5fb57
0,     495104,     495104,      512,    12288, 0x6f07be9c
0,     495616,     495616,      512,    12288, 0x9a731fc9
0,     496128,     496128,      512,    12288, 0xe030b78c
0,     496640,     496640,      512,    12288, 0x76a8452d
0,     497152,     497152,      512,    12288, 0x4ecad5c1
0,     497664,     497664,      512,    12288, 0xb1452b51
0,     498176,     498176,      512,    12288, 0xb4faa05f
0,     498688,     498688,      512,    12288, 0x1771b529
0,     499200,     499200,      512,    12288, 0xf8a75d81
0,     499712,     499712,      512,    12288, 0xa998b4ae
0,     500224,     500224,      512,    12288, 0xc5c42579
0,     500736,     500736,      512,    12288, 0xa251ba91
0,     501248,     501248,      512,    12288, 0xedb0f954
0,     501760,     501760,      512,    12288, 0x53b91c9e
0,     502272,     502272,      512,    12288, 0xb2b3780c
0,     502784,     502784,      512,    12288, 0xa49d6944
0,     503296,     503296,      512,    12288, 0x4eb3af08
0,     503808,     503808,      512,    12288, 0xed8ee8c6
0,     504320,     504320,      512,    12288, 0xcdb7a7fa
0,     504832,     504832,      512,    12288, 0xe02b92e3
0,     505344,     505344,      512,    12288, 0x6c8ee786
0,     505856,     505856,      512,    12288, 0x09f698c2
0,     506368,     506368,      512,    12288, 0x5695f25f
0,     506880,     506880,      512,    12288, 0xfeeac176
0,     507392,     507392,      512,    12288, 0xdc5d1862
0,     507904,     507904,      512,    12288, 0xf7251af3
0,     508416,     508416,      512,    12288, 0x8dbecaae
0,     508928,     508928,      512,    12288, 0x9cb91675
0,     509440,     509440,      512,    12288, 0x84f7441f
0,     509952,     509952,      512,    12288, 0x6ecabc44
0,     510464,     510464,      512,    12288, 0xa6af51dd
0,     510976,     510976,      512,    12288, 0xd31bb6d9
0,     511488,     511488,      512,    12288, 0x2b33b7b2
0,     512000,     512000,      512,    12288, 0x8be28423
0,     512512,     512512,      512,    12288, 0xf68128cb
0,     513024,     513024,      512,    12288, 0x0eef5733
0,     513536,     513536,      512,    12288, 0x0c8696e1
0,     514048,     514048,      512,    12288, 0x59c8b27e
0,     514560,     514560,      512,    12288, 0x6fe388d9
0,     515072,     515072,      512,    12288, 0xae197a5b
0,     515584,     515584,      512,    12288, 0x3de48d84
0,     516096,     516096,      512,    12288, 0x294fd76d
0,     516608,     516608,      512,    12288, 0x14179561
0,     517120,     517120,      512,    12288, 0x38b6dc04
0,     517632,     517632,      512,    12288, 0x820c4999
0,     518144,     518144,      512,    12288, 0xadd3ebb9
0,     518656,     518656,      512,    12288, 0x4dc041da
0,     519168,     519168,      512,    12288, 0x2d9552a5
0,     519680,     519680,      512,    12288, 0x133c2307
0,     520192,     520192,      512,    12288, 0x8eacb2ac
0,     520704,     520704,      512,    12288, 0x8b73d4d9
0,     521216,     521216,      512,    12288, 0xcee60ffc
0,     521728,     521728,      512,    12288, 0xfe99432d
0,     522240,     522240,      512,    12288, 0x765f73a1
0,     522752,     522752,      512,    12288, 0x49f4b6a2
0,     523264,     523264,      512,    12288, 0xd1d34f64
0,     523776,     523776,      512,    12288, 0xe61fa329
0,     524288,     524288,      512,    12288, 0x3309ba61
0,     524800,     524800,      512,    12288, 0x10bda0c8
0,     525312,     525312,      512,    12288, 0x40c6c190
0,     525824,     525824,      512,    12288, 0xb540e0a8
0,     526336,     526336,      512,    12288, 0xde2dfa6e
0,     526848,     526848,      512,    12288, 0xa336ade0
0,     527360,     527360,      512,    12288, 0x2a182a0e
0,     527872,     527872,      512,    12288, 0xa2865a9c
0,     528384,     528384,      512,    12288, 0xbd10e82f
0,     528896,     528896,      512,    12288, 0xa7ba45a5
0,     529408,     529408,      512,    12288, 0x9c8c2bc7
0,     529920,     529920,      512,    12288, 0x9df12290
0,     530432,     530432,      512,    12288, 0x3ca31094
0,     530944,     530944,      512,    12288, 0x5efe8015
0,     531456,     531456,      512,    12288, 0xc7edac65
0,     531968,     531968,      512,    12288, 0x04bb506b
0,     532480,     532480,      512,    12288, 0x74dc976e
0,     532992,     532992,      512,    12288, 0x00d9689f
0,     533504,     533504,      512,    12288, 0x464ebbee
0,     534016,     534016,      512,    12288, 0xeb7098eb
0,     534528,     534528,      512,    12288, 0x55d8e901
0,     535040,     535040,      512,    12288, 0xdf77ddac
0,     535552,     535552,      512,    12288, 0xd81b46f1
0,     536064,     536064,      512,    12288, 0x9a44f34a
0,     536576,     536576,      512,    12288, 0xa9daaf00
0,     537088,     537088,      512,    12288, 0xb89b8ab7
0,     537600,     537600,      512,    12288, 0x1f547f92
0,     538112,     538112,      512,    12288, 0x93b79065
0,     538624,     538624,      512,    12288, 0x4a7b73ad
0,     539136,     539136,      512,    12288, 0x47e0a270
0,     539648,     539648,      512,    12288, 0xcd5e7b34
0,     540160,     540160,      512,    12288, 0x1d4b19b7
0,     540672,     540672,      512,    12288, 0x7bbd296b
0,     541184,     541184,      512,    12288, 0x3d8833e7
0,     541696,     541696,      512,    12288, 0x6d94a918
0,     542208,     542208,      512,    12288, 0xc8917afd
0,     542720,     542720,      512,    12288, 0xe6aa4bd8
0,     543232,     543232,      512,    12288, 0x4a27e762
0,     543744,     543744,      512,    12288, 0x3b01ae5a
0,     544256,     544256,      512,    12288, 0x93e666f0
0,     544768,     544768,      512,    12288, 0x124d1950
0,     545280,     545280,      512,    12288, 0x0a2309b7
0,     545792,     545792,      512,    12288, 0x2660912e
0,     546304,     546304,      512,    12288, 0xa4e74edf
0,     546816,     546816,      512,    12288, 0xa64d90e0
0,     547328,     547328,      512,    12288, 0xa16f9d2c
0,     547840,     547840,      512,    12288, 0x82f10204
0,     548352,     548352,      512,    12288, 0x33518cd8
0,     548864,     548864,      512,    12288, 0x11f87d2d
0,     549376,     549376,      512,    12288, 0x5e52112f
0,     549888,     549888,      512,    12288, 0x6261019f
0,     550400,     550400,      512,    12288, 0xac283b65
0,     550912,     550912,      512,    12288, 0xaba2fbf1
0,     551424,     551424,      512,    12288, 0xa530be0c
0,     551936,     551936,      512,    12288, 0xc3860dc5
0,     552448,     552448,      512,    12288, 0xf7a11aa5
0,     552960,     552960,      512,    12288, 0xce96c0df
0,     553472,     553472,      512,    12288, 0x56aef09a
0,     553984,     553984,      512,    12288, 0xe358037a
0,     554496,     554496,      512,    12288, 0xfb6b5ad6
0,     555008,     555008,      512,    12288, 0x70e55b90
0,     555520,     555520,      512,    12288, 0xad116090
0,     556032,     556032,      512,    12288, 0xda5794d5
0,     556544,     556544,      512,    12288, 0x7b5fea9a
0,     557056,     557056,      512,    12288, 0x07fcfbd4
0,     557568,     557568,      512,    12288, 0xf149e03c
0,     558080,     558080,      512,    12288, 0x4e17500b
0,     558592,     558592,      512,    12288, 0xf9551449
0,     559104,     559104,      512,    12288, 0xbb527f99
0,     559616,     559616,      512,    12288, 0xe156702d
0,     560128,     560128,      512,    12288, 0x9795bfbf
0,     560640,     560640,      512,    12288, 0xddf06f21
0,     561152,     561152,      512,    12288, 0x689e9800
0,     561664,     561664,      512,    12288, 0x30b729e7
0,     562176,     562176,      512,    12288, 0x7bcdc1df
0,     562688,     562688,      512,    12288, 0xd9fda97e
0,     563200,     563200,      512,    12288, 0x1537dd48
0,     563712,     563712,      512,    12288, 0x47f560c0
0,     564224,     564224,      512,    12288, 0x3ec41ec1
0,     564736,     564736,      512,    12288, 0x98a410d5
0,     565248,     565248,      512,    12288, 0xd64326f9
0,     565760,     565760,      512,    12288, 0x00f83a26
0,     566272,     566272,      512,    12288, 0x929a5c35
0,     566784,     566784,      512,    12288, 0xfa2d6815
0,     567296,     567296,      512,    12288, 0x5d197496
0,     567808,     567808,      512,    12288, 0x22e5ea89
0,     568320,     568320,      512,    12288, 0x1d754147
0,     568832,     568832,      512,    12288, 0xd28d0739
0,     569344,     569344,      512,    12288, 0x6700fe9f
0,     569856,     569856,      512,    12288, 0xb1d9eb04
0,     570368,     570368,      512,    12288, 0x7ba874b7
0,     570880,     570880,      512,    12288, 0x0483daca
0,     571392,     571392,      512,    12288, 0x2eae2b74
0,     571904,     571904,      512,    12288, 0x2c01f4ec
0,     572416,     572416,      512,    12288, 0x6c03cd5a
0,     572928,     572928,      512,    12288, 0x853be928
0,     573440,     573440,      512,    12288, 0x7e7ca10c
0,     573952,     573952,      512,    12288, 0x32e70ad1
0,     574464,     574464,      512,    12288, 0x299239f1
0,     574976,     574976,      512,    12288, 0x68760a0e
0,     575488,     575488,      512,    12288, 0x68a9515c
0,     576000,     576000,      512,    12288, 0x8603d148
0,     576512,     576512,      512,    12288, 0xf62c2207
0,     577024,     577024,      512,    12288, 0x1752b649
0,     577536,     577536,      512,    12288, 0xa728fd63
0,     578048,     578048,      512,    12288, 0x0fbab0f7
0,     578560,     578560,      512,    12288, 0x30a1497d
0,     579072,     579072,      512,    12288, 0x59afbcf4
0,     579584,     579584,      512,    12288, 0xce476f98
0,     580096,     580096,      512,    12288, 0x0b407fe5
0,     580608,     580608,      512,    12288, 0x5dc88b65
0,     581120,     581120,      512,    12288, 0x96e3a9ed
0,     581632,     581632,      512,    12288, 0x688986dd
0,     582144,     582144,      512,    12288, 0xea61aeb0
0,     582656,     582656,      512,    12288, 0x8b8bf66f
0,     583168,     583168,      512,    12288, 0x691cc290
0,     583680,     583680,      512,    12288, 0x4d4c9a2d
0,     584192,     584192,      512,    12288, 0x98004922
0,     584704,     584704,      512,    12288, 0xa70cebc8
0,     585216,     585216,      512,    12288, 0xcbc77082
0,     585728,     585728,      512,    12288, 0x344caecf
0,     586240,     586240,      512,    12288, 0x8613c1db
0,     586752,     586752,      512,    12288, 0x5b1ebdff
0,     587264,     587264,      512,    12288, 0x7af87e85
0,     587776,     587776,      512,    12288, 0x4869b169
0,     588288,     588288,      512,    12288, 0xe6a62aae
0,     588800,     588800,      512,    12288, 0xfe7c6f9b
0,     589312,     589312,      512,    12288, 0x777d9da5
0,     589824,     589824,      512,    12288, 0x1add4ffc
0,     590336,     590336,      512,    12288, 0x050132e0
0,     590848,     590848,      512,    12288, 0xcb526176
0,     591360,     591360,      512,    12288, 0x5102eadf
0,     591872,     591872,      512,    12288, 0x058f3336
0,     592384,     592384,      512,    12288, 0x1b1d80b6
0,     592896,     592896,      512,    12288, 0x97f887f6
0,     593408,     593408,      512,    12288, 0x83b96fe2
0,     593920,     593920,      512,    12288, 0xd653974e
0,     594432,     594432,      512,    12288, 0x444dad5f
0,     594944,     594944,      512,    12288, 0xaf5830e2
0,     595456,     595456,      512,    12288, 0x9218f53f
0,     595968,     595968,      512,    12288, 0x5c08b142
0,     596480,     596480,      512,    12288, 0xd6db287d
0,     596992,     596992,      512,    12288, 0xcb63ea87
0,     597504,     597504,      512,    12288, 0xe57332d0
0,     598016,     598016,      512,    12288, 0x15b98d8e
0,     598528,     598528,      512,    12288, 0x2481299f
0,     599040,     599040,      512,    12288, 0x69283830
0,     599552,     599552,      512,    12288, 0xb9d6c873
0,     600064,     600064,      512,    12288, 0xe8e8d18e
0,     600576,     600576,      512,    12288, 0x22bfedfb
0,     601088,     601088,      512,    12288, 0x627cf80a
0,     601600,     601600,      512,    12288, 0x30e4bdd2
0,     602112,     602112,      512,    12288, 0x458163ab
0,     602624,     602624,      512,    12288, 0x3327c22e
0,     603136,     603136,      512,    12288, 0xcb823168
0,     603648,     603648,      512,    12288, 0xa8177d2e
0,     604160,     604160,      512,    12288, 0xa6abbe4f
0,     604672,     604672,      512,    12288, 0x05190272
0,     605184,     605184,      512,    12288, 0x2a6de475
0,     605696,     605696,      512,    12288, 0x6497b7d8
0,     606208,     606208,      512,    12288, 0xc70fb887
0,     606720,     606720,      512,    12288, 0xdf0f8625
0,     607232,     607232,      512,    12288, 0x4d81bf52
0,     607744,     607744,      512,    12288, 0x66451a01
0,     608256,     608256,      512,    12288, 0x2a43936a
0,     608768,     608768,      512,    12288, 0x6f2892c4
0,     609280,     609280,      512,    12288, 0x63add662
0,     609792,     609792,      512,    12288, 0x77496700
0,     610304,     610304,      512,    12288, 0xbac7d64f
0,     610816,     610816,      512,    12288, 0x886801de
0,     611328,     611328,      512,    12288, 0xb95e77d7
0,     611840,     611840,      512,    12288, 0x6884b621
0,     612352,     612352,      512,    12288, 0x6e7b5475
0,     612864,     612864,      512,    12288, 0xf0f0d020
0,     613376,     613376,      512,    12288, 0x74d3858e
0,     613888,     613888,      512,    12288, 0x6c7abe94
0,     614400,     614400,      512,    12288, 0xde0e7797
0,     614912,     614912,      512,    12288, 0x52a27b61
0,     615424,     615424,      512,    12288, 0xcc934644
0,     615936,     615936,      512,    12288, 0xc576712c
0,     616448,     616448,      512,    12288, 0x919291d5
0,     616960,     616960,      512,    12288, 0xe4f7110a
0,     617472,     617472,      512,    12288, 0x8e18dd28
0,     617984,     617984,      512,    12288, 0xeb0bac12
0,     618496,     618496,      512,    12288, 0x4c959690
0,     619008,     619008,      512,    12288, 0x45e273d0
0,     619520,     619520,      512,    12288, 0x7a014779
0,     620032,     620032,      512,    12288, 0xc93bf64c
0,     620544,     620544,      512,    12288, 0x674004de
0,     621056,     621056,      512,    12288, 0x6b03e830
0,     621568,     621568,      512,    12288, 0xfe90525e
0,     622080,     622080,      512,    12288, 0x7b862169
0,     622592,     622592,      512,    12288, 0x23d0e344
0,     623104,     623104,      512,    12288, 0x2cd75e4a
0,     623616,     623616,      512,    12288, 0x27fe5532
0,     624128,     624128,      512,    12288, 0xcc6d6b87
0,     624640,     624640,      512,    12288, 0x93b6096c
0,     625152,     625152,      512,    12288, 0x2a0c8939
0,     625664,     625664,      512,    12288, 0x9dad140e
0,     626176,     626176,      512,    12288, 0xab637f3a
0,     626688,     626688,      512,    12288, 0x742cbcc3
0,     627200,     627200,      512,    12288, 0x399495b9
0,     627712,     627712,      512,    12288, 0xbe9cffee
0,     628224,     628224,      512,    12288, 0x8e9eb42f
0,     628736,     628736,      512,    12288, 0x437bdd31
0,     629248,     629248,      512,    12288, 0xe85eb28f
0,     629760,     629760,      512,    12288, 0x337cb9c8
0,     630272,     630272,      512,    12288, 0xd77acce0
0,     630784,     630784,      512,    12288, 0x25659e71
0,     631296,     631296,      512,    12288, 0x27d29786
0,     631808,     631808,      512,    12288, 0x187e1164
0,     632320,     632320,      512,    12288, 0x1785fca1
0,     632832,     632832,      512,    12288, 0x1c80b374
0,     633344,     633344,      512,    12288, 0x59de4bde
0,     633856,     633856,      512,    12288, 0x1cf072ae
0,     634368,     634368,      512,    12288, 0x0c6b7047
0,     634880,     634880,      512,    12288, 0x4c6a3374
0,     635392,     635392,      512,    12288, 0xaab285c9
0,     635904,     635904,      512,    12288, 0x40df6111
0,     636416,     636416,      512,    12288, 0xa74f0e02
0,     636928,     636928,      512,    12288, 0x1569519b
0,     637440,     637440,      512,    12288, 0xc3515781
0,     637952,     637952,      512,    12288, 0xb6967695
0,     638464,     638464,      512,    12288, 0x2489f737
0,     638976,     638976,      512,    12288, 0x9786a500
0,     639488,     639488,      512,    12288, 0x7d4e6329
0,     640000,     640000,      512,    12288, 0xf27f20f2
0,     640512,     640512,      512,    12288, 0x9c2a58a6
0,     641024,     641024,      512,    12288, 0x0a1ea465
0,     641536,     641536,      512,    12288, 0x338c4429
0,     642048,     642048,      512,    12288, 0xfe01ab3e
0,     642560,     642560,      512,    12288, 0xf69423b3
0,     643072,     643072,      512,    12288, 0x51f59eeb
0,     643584,     643584,      512,    12288, 0x57ef4b36
0,     644096,     644096,      512,    12288, 0x08cbfb2b
0,     644608,     644608,      512,    12288, 0x6c014384
0,     645120,     645120,      512,    12288, 0xf5744afe
0,     645632,     645632,      512,    12288, 0xf161baac
0,     646144,     646144,      512,    12288, 0xd8907fbe
0,     646656,     646656,      512,    12288, 0x4a805ccd
0,     647168,     647168,      512,    12288, 0x5af52e8b
0,     647680,     647680,      512,    12288, 0x165b1dca
0,     648192,     648192,      512,    12288, 0x3e2b606d
0,     648704,     648704,      512,    12288, 0x71d55a2b
0,     649216,     649216,      512,    12288, 0xff18cc2e
0,     649728,     649728,      512,    12288, 0x761e6533
0,     650240,     650240,      512,    12288, 0x7c639c45
0,     650752,     650752,      512,    12288, 0x23b2f6de
0,     651264,     651264,      512,    12288, 0x18a04e5f
0,     651776,     651776,      512,    12288, 0x446c2960
0,     652288,     652288,      512,    12288, 0x51ec28d5
0,     652800,     652800,      512,    12288, 0x1c5f6d51
0,     653312,     653312,      512,    12288, 0xf7344cf1
0,     653824,     653824,      512,    12288, 0x490c434e
0,     654336,     654336,      512,    12288, 0x38a0f498
0,     654848,     654848,      512,    12288, 0x45070aef
0,     655360,     655360,      512,    12288, 0xb8b85032
0,     655872,     655872,      512,    12288, 0x1c8673f9
0,     656384,     656384,      512,    12288, 0x7024d360
0,     656896,     656896,      512,    12288, 0x321c37c9
0,     657408,     657408,      512,    12288, 0x007f98fe
0,     657920,     657920,      512,    12288, 0x8848c810
0,     658432,     658432,      512,    12288, 0xed38da5e
0,     658944,     658944,      512,    12288, 0xea2be2e3
0,     659456,     659456,      512,    12288, 0xcb90548c
0,     659968,     659968,      512,    12288, 0xd84a2c53
0,     660480,     660480,      512,    12288, 0xeddd5ce6
0,     660992,     660992,      512,    12288, 0x2b43d3d8
0,     661504,     661504,      512,    12288, 0x4fcdd76f
0,     662016,     662016,      512,    12288, 0xb4797474
0,     662528,     662528,      512,    12288, 0x558c84c4
0,     663040,     663040,      512,    12288, 0xfc9f85b8
0,     663552,     663552,      512,    12288, 0x55f496b8
0,     664064,     664064,      512,    12288, 0x0d580af3
0,     664576,     664576,      512,    12288, 0x9166f211
0,     665088,     665088,      512,    12288, 0x45beda6c
0,     665600,     665600,      512,    12288, 0xf205af40
0,     666112,     666112,      512,    12288, 0xa192329c
0,     666624,     666624,      512,    12288, 0xdb8f5ec2
0,     667136,     667136,      512,    12288, 0x679e0810
0,     667648,     667648,      512,    12288, 0x306f5cab
0,     668160,     668160,      512,    12288, 0xe1c0a484
0,     668672,     668672,      512,    12288, 0x2d79bbf8
0,     669184,     669184,      512,    12288, 0xbd6b8de1
0,     669696,     669696,      512,    12288, 0xffc2261c
0,     670208,     670208,      512,    12288, 0xe5e3fb47
0,     670720,     670720,      512,    12288, 0x24f664a6
0,     671232,     671232,      512,    12288, 0xe999bd30
0,     671744,     671744,      512,    12288, 0x7211dda0
0,     672256,     672256,      512,    12288, 0xc76881b5
0,     672768,     672768,      512,    12288, 0xafb9e8aa
0,     673280,     673280,      512,    12288, 0xc4af42b9
0,     673792,     673792,      512,    12288, 0x627811aa
0,     674304,     674304,      512,    12288, 0xa8756983
0,     674816,     674816,      512,    12288, 0x43dfafad
0,     675328,     675328,      512,    12288, 0x7318e846
0,     675840,     675840,      512,    12288, 0x8a0b60c2
0,     676352,     676352,      512,    12288, 0xf30c5f95
0,     676864,     676864,      512,    12288, 0xe454be90
0,     677376,     677376,      512,    12288, 0x0163b429
0,     677888,     677888,      512,    12288, 0x00b791cd
0,     678400,     678400,      512,    12288, 0x79de48d0
0,     678912,     678912,      512,    12288, 0x5948d491
0,     679424,     679424,      512,    12288, 0xf78aa89b
0,     679936,     679936,      512,    12288, 0x27fb4272
0,     680448,     680448,      512,    12288, 0x058f7cb8
0,     680960,     680960,      512,    12288, 0x638ed11b
0,     681472,     681472,      512,    12288, 0xfdcb54df
0,     681984,     681984,      512,    12288, 0x2cf06360
0,     682496,     682496,      512,    12288, 0x58fa9a3a
0,     683008,     683008,      512,    12288, 0x8e63d96d
0,     683520,     683520,      512,    12288, 0x9c783374
0,     684032,     684032,      512,    12288, 0x32010aac
0,     684544,     684544,      512,    12288, 0x120c2823
0,     685056,     685056,      512,    12288, 0xf42a10c8
0,     685568,     685568,      512,    12288, 0xee121cdc
0,     686080,     686080,      512,    12288, 0x3cdee81c
0,     686592,     686592,      512,    12288, 0x514f006e
0,     687104,     687104,      512,    12288, 0x3c9d63ae
0,     687616,     687616,      512,    12288, 0xe998258b
0,     688128,     688128,      512,    12288, 0x57c47661
0,     688640,     688640,      512,    12288, 0x0e1592d2
0,     689152,     689152,      512,    12288, 0xa867163d
0,     689664,     689664,      512,    12288, 0x9149a81a
0,     690176,     690176,      512,    12288, 0xc718ee05
0,     690688,     690688,      512,    12288, 0xb66d2ef6
0,     691200,     691200,      512,    12288, 0x311816f3
0,     691712,     691712,      512,    12288, 0x43060a6d
0,     692224,     692224,      512,    12288, 0x60060563
0,     692736,     692736,      512,    12288, 0x44e9dc99
0,     693248,     693248,      512,    12288, 0xb34f9e6e
0,     693760,     693760,      512,    12288, 0xc3b6e852
0,     694272,     694272,      512,    12288, 0x399361d2
0,     694784,     694784,      512,    12288, 0xd0f9b4d0
0,     695296,     695296,      512,    12288, 0xe44869eb
0,     695808,     695808,      512,    12288, 0x254adac3
0,     696320,     696320,      512,    12288, 0x4c517393
0,     696832,     696832,      512,    12288, 0x25404a40
0,     697344,     697344,      512,    12288, 0x32302266
0,     697856,     697856,      512,    12288, 0x86a913cf
0,     698368,     698368,      512,    12288, 0x3fef0b14
0,     698880,     698880,      512,    12288, 0x8669c1d8
0,     699392,     699392,      512,    12288, 0x48c2f398
0,     699904,     699904,      512,    12288, 0x87085a04
0,     700416,     700416,      512,    12288, 0xd2a61106
0,     700928,     700928,      512,    12288, 0xd9806a22
0,     701440,     701440,      512,    12288, 0xde2f3c25
0,     701952,     701952,      512,    12288, 0x30297912
0,     702464,     702464,      512,    12288, 0xc5b05b1c
0,     702976,     702976,      512,    12288, 0xfbe21b5f
0,     703488,     703488,      512,    12288, 0x328ecaf0
0,     704000,     704000,      512,    12288, 0xfc4936ae
0,     704512,     704512,      512,    12288, 0x468e7af7
0,     705024,     705024,      512,    12288, 0xc193a2d2
0,     705536,     705536,      512,    12288, 0x8bbe89d7
0,     706048,     706048,      512,    12288, 0xa3d80d08
0,     706560,     706560,      512,    12288, 0x36f12d71
0,     707072,     707072,      512,    12288, 0x0d011b76
0,     707584,     707584,      512,    12288, 0x69c7712b
0,     708096,     708096,      512,    12288, 0xce953c89
0,     708608,     708608,      512,    12288, 0x1cff7ffe
0,     709120,     709120,      512,    12288, 0x8c782a7d
0,     709632,     709632,      512,    12288, 0x05059909
0,     710144,     710144,      512,    12288, 0xc03e02e0
0,     710656,     710656,      512,    12288, 0x6314080b
0,     711168,     711168,      512,    12288, 0x22c18dd0
0,     711680,     711680,      512,    12288, 0x1cc15c54
0,     712192,     712192,      512,    12288, 0x4bcc7f26
0,     712704,     712704,      512,    12288, 0xc79435b1
0,     713216,     713216,      512,    12288, 0x9630e59b
0,     713728,     713728,      512,    12288, 0x2ff09dc6
0,     714240,     714240,      512,    12288, 0x2421371c
0,     714752,     714752,      512,    12288, 0xdbcb48f7
0,     715264,     715264,      512,    12288, 0x08e903e3
0,     715776,     715776,      512,    12288, 0x83c179c6
0,     716288,     716288,      512,    12288, 0xaa49e1eb
0,     716800,     716800,      512,    12288, 0x863f8181
0,     717312,     717312,      512,    12288, 0x268cb380
0,     717824,     717824,      512,    12288, 0x7a3521ec
0,     718336,     718336,      512,    12288, 0xd6188348
0,     718848,     718848,      512,    12288, 0x508debe4
0,     719360,     719360,      512,    12288, 0x9ca2d9a8
0,     719872,     719872,      512,    12288, 0xe0e7742b
0,     720384,     720384,      512,    12288, 0x42d56ac2
0,     720896,     720896,      512,    12288, 0x42b60ac5
0,     721408,     721408,      512,    12288, 0xdefdf159
0,     721920,     721920,      512,    12288, 0xf11b90f2
0,     722432,     722432,      512,    12288, 0x8f999d7b
0,     722944,     722944,      512,    12288, 0x7acf6406
0,     723456,     723456,      512,    12288, 0xedfd8d63
0,     723968,     723968,      512,    12288, 0xf8f98df4
0,     724480,     724480,      512,    12288, 0xe18ac749
0,     724992,     724992,      512,    12288, 0x063b66e9
0,     725504,     725504,      512,    12288, 0xbbc692e1
0,     726016,     726016,      512,    12288, 0xabceb943
0,     726528,     726528,      512,    12288, 0x1fc25c3f
0,     727040,     727040,      512,    12288, 0x7e900e51
0,     727552,     727552,      512,    12288, 0x0334ff15
0,     728064,     728064,      512,    12288, 0xdbd0fb9a
0,     728576,     728576,      512,    12288, 0x87646865
0,     729088,     729088,      512,    12288, 0x1f9a179d
0,     729600,     729600,      512,    12288, 0x2eb761ee
0,     730112,     730112,      512,    12288, 0xf2cbffd8
0,     730624,     730624,      512,    12288, 0x0d8465ee
0,     731136,     731136,      512,    12288, 0xf768ca01
0,     731648,     731648,      512,    12288, 0x9e2a9af2
0,     732160,     732160,      512,    12288, 0x861b882f
0,     732672,     732672,      512,    12288, 0x711c1797
0,     733184,     733184,      512,    12288, 0x3b18dabf
0,     733696,     733696,      512,    12288, 0xd60ffc91
0,     734208,     734208,      512,    12288, 0x69c4c8b8
0,     734720,     734720,      512,    12288, 0xd5eb9922
0,     735232,     735232,      512,    12288, 0x9a5d60a6
0,     735744,     735744,      512,    12288, 0x1c207e63
0,     736256,     736256,      512,    12288, 0xa88a7fd9
0,     736768,     736768,      512,    12288, 0xd8607725
0,     737280,     737280,      512,    12288, 0x49090bfe
0,     737792,     737792,      512,    12288, 0x9924e2c6
0,     738304,     738304,      512,    12288, 0x88a50e18
0,     738816,     738816,      512,    12288, 0x0d64b43b
0,     739328,     739328,      512,    12288, 0xc172a8ba
0,     739840,     739840,      512,    12288, 0xd38ef296
0,     740352,     740352,      512,    12288, 0xea37e415
0,     740864,     740864,      512,    12288, 0xb28078a5
0,     741376,     741376,      512,    12288, 0x89b03295
0,     741888,     741888,      512,    12288, 0xc406b625
0,     742400,     742400,      512,    12288, 0x92c8cd18
0,     742912,     742912,      512,    12288, 0xbe135c6d
0,     743424,     743424,      512,    12288, 0xc59be09a
0,     743936,     743936,      512,    12288, 0x00bcd71d
0,     744448,     744448,      512,    12288, 0x045c2f6c
0,     744960,     744960,      512,    12288, 0x257fde73
0,     745472,     745472,      512,    12288, 0x30923671
0,     745984,     745984,      512,    12288, 0x47845ac1
0,     746496,     746496,      512,    12288, 0xc8737ca8
0,     747008,     747008,      512,    12288, 0xfa990e1a
0,     747520,     747520,      512,    12288, 0xddba0e74
0,     748032,     748032,      512,    12288, 0xb03a0f19
0,     748544,     748544,      512,    12288, 0xabcf617d
0,     749056,     749056,      512,    12288, 0x26c9034a
0,     749568,     749568,      512,    12288, 0x5f0273af
0,     750080,     750080,      512,    12288, 0x36fe4556
0,     750592,     750592,      512,    12288, 0xc477c986
0,     751104,     751104,      512,    12288, 0x6016502d
0,     751616,     751616,      512,    12288, 0x8d6a4420
0,     752128,     752128,      512,    12288, 0x2108ad56
0,     752640,     752640,      512,    12288, 0x75cfcc41
0,     753152,     753152,      512,    12288, 0x1fa6915d
0,     753664,     753664,      512,    12288, 0x56bb9824
0,     754176,     754176,      512,    12288, 0x0cb43e73
0,     754688,     754688,      512,    12288, 0xf250e757
0,     755200,     755200,      512,    12288, 0xa93a972c
0,     755712,     755712,      512,    12288, 0x5b4ef6c9
0,     756224,     756224,      512,    12288, 0xa45cb3aa
0,     756736,     756736,      512,    12288, 0x0010e059
0,     757248,     757248,      512,    12288, 0x3be4772c
0,     757760,     757760,      512,    12288, 0x41e5db09
0,     758272,     758272,      512,    12288, 0xec902f04
0,     758784,     758784,      512,    12288, 0x870e7abd
0,     759296,     759296,      512,    12288, 0xcff45c7f
0,     759808,     759808,      512,    12288, 0x0be4cdc4
0,     760320,     760320,      512,    12288, 0x1db38ff8
0,     760832,     760832,      512,    12288, 0x3cfa3cd1
0,     761344,     761344,      512,    12288, 0x9cadd5ef
0,     761856,     761856,      512,    12288, 0xee132fc3
0,     762368,     762368,      512,    12288, 0xc305d5fa
0,     762880,     762880,      512,    12288, 0x459a3fda
0,     763392,     763392,      512,    12288, 0x336e2c5a
0,     763904,     763904,      512,    12288, 0xe98d9fa3
0,     764416,     764416,      512,    12288, 0x1d195a37
0,     764928,     764928,      512,    12288, 0x1dfd592c
0,     765440,     765440,      512,    12288, 0xc92e9da0
0,     765952,     765952,      512,    12288, 0x016f134e
0,     766464,     766464,      512,    12288, 0xec090e4c
0,     766976,     766976,      512,    12288, 0x39007af0
0,     767488,     767488,      512,    12288, 0x9abb6d47
0,     768000,     768000,      512,    12288, 0xc71ed87a
0,     768512,     768512,      512,    12288, 0x04ca11a6
0,     769024,     769024,      512,    12288, 0x9af051f9
0,     769536,     769536,      512,    12288, 0x57bf609a
0,     770048,     770048,      512,    12288, 0x16fd0dd9
0,     770560,     770560,      512,    12288, 0x0fa8174e
0,     771072,     771072,      512,    12288, 0x109b07b7
0,     771584,     771584,      512,    12288, 0x4d9de29b
0,     772096,     772096,      512,    12288, 0x4b971763
0,     772608,     772608,      512,    12288, 0x57fe88e1
0,     773120,     773120,      512,    12288, 0x69a83efe
0,     773632,     773632,      512,    12288, 0x6de828ad
0,     774144,     774144,      512,    12288, 0x019269aa
0,     774656,     774656,      512,    12288, 0xd7b50511
0,     775168,     775168,      512,    12288, 0x7e9f7e83
0,     775680,     775680,      512,    12288, 0x6880cbf7
0,     776192,     776192,      512,    12288, 0x7984c593
0,     776704,     776704,      512,    12288, 0x8b6f5897
0,     777216,     777216,      512,    12288, 0x53198021
0,     777728,     777728,      512,    12288, 0xd5262889
0,     778240,     778240,      512,    12288, 0x3d2399db
0,     778752,     778752,      512,    12288, 0xbcbf76f6
0,     779264,     779264,      512,    12288, 0x40c8661c
0,     779776,     779776,      512,    12288, 0x11402792
0,     780288,     780288,      512,    12288, 0x83846da3
0,     780800,     780800,      512,    12288, 0xf5e1e748
0,     781312,     781312,      512,    12288, 0x7f26006e
0,     781824,     781824,      512,    12288, 0x873bfcd4
0,     782336,     782336,      512,    12288, 0x3c2087ac
0,     782848,     782848,      512,    12288, 0x4b3eaf0f
0,     783360,     783360,      512,    12288, 0x69ec7707
0,     783872,     783872,      512,    12288, 0xf4e55aea
0,     784384,     784384,      512,    12288, 0x4ddedb06
0,     784896,     784896,      512,    12288, 0x3e6c7eb6
0,     785408,     785408,      512,    12288, 0x11d079b5
0,     785920,     785920,      512,    12288, 0x83248655
0,     786432,     786432,      512,    12288, 0x76a138fd
0,     786944,     786944,      512,    12288, 0x27b098bf
0,     787456,     787456,      512,    12288, 0x0e85834f
0,     787968,     787968,      512,    12288, 0x1669f1e5
0,     788480,     788480,      512,    12288, 0x4790858d
0,     788992,     788992,      512,    12288, 0x92c8517b
0,     789504,     789504,      512,    12288, 0xa9543026
0,     790016,     790016,      512,    12288, 0xdbfe7b38
0,     790528,     790528,      512,    12288, 0xeaf6a914
0,     791040,     791040,      512,    12288, 0xbc7a1d2c
0,     791552,     791552,      512,    12288, 0x2229f433
0,     792064,     792064,      512,    12288, 0xfb9ae9bd
0,     792576,     792576,      512,    12288, 0x1865b4ea
0,     793088,     793088,      512,    12288, 0x9b2748a0
0,     793600,     793600,      512,    12288, 0x5759be00
0,     794112,     794112,      512,    12288, 0xcb7e6a0d
0,     794624,     794624,      512,    12288, 0xa3c1e44c
0,     795136,     795136,      512,    12288, 0xeac0d179
0,     795648,     795648,      512,    12288, 0x429fbf8b
0,     796160,     796160,      512,    12288, 0x242cfe4d
0,     796672,     796672,      512,    12288, 0x6766157a
0,     797184,     797184,      512,    12288, 0xce1ce231
0,     797696,     797696,      512,    12288, 0x2f0f4624
0,     798208,     798208,      512,    12288, 0x6dcdf340
0,     798720,     798720,      512,    12288, 0x51d6c030
0,     799232,     799232,      512,    12288, 0xc055f38c
0,     799744,     799744,      512,    12288, 0x62463603
0,     800256,     800256,      512,    12288, 0xe9b906ae
0,     800768,     800768,      512,    12288, 0x0d6be849
0,     801280,     801280,      512,    12288, 0x1b3a92d3
0,     801792,     801792,      512,    12288, 0x0dce4761
0,     802304,     802304,      512,    12288, 0xf0b05368
0,     802816,     802816,      512,    12288, 0x316022b5
0,     803328,     803328,      512,    12288, 0xb5b7d41d
0,     803840,     803840,      512,    12288, 0xc28f8b64
0,     804352,     804352,      512,    12288, 0xc6a564d2
0,     804864,     804864,      512,    12288, 0xa702c4a9
0,     805376,     805376,      512,    12288, 0x4163f2c1
0,     805888,     805888,      512,    12288, 0x2b29c9fc
0,     806400,     806400,      512,    12288, 0xff6f1c28
0,     806912,     806912,      512,    12288, 0x6ef12bf6
0,     807424,     807424,      512,    12288, 0x82e34ad4
0,     807936,     807936,      512,    12288, 0x10638b45
0,     808448,     808448,      512,    12288, 0x8edd25fd
0,     808960,     808960,      512,    12288, 0x4a933d11
0,     809472,     809472,      512,    12288, 0x0dd3a75c
0,     809984,     809984,      512,    12288, 0x279bcb9e
0,     810496,     810496,      512,    12288, 0x7686f676
0,     811008,     811008,      512,    12288, 0xb1845352
0,     811520,     811520,      512,    12288, 0xc06c7cbb
0,     812032,     812032,      512,    12288, 0x5be5318f
0,     812544,     812544,      512,    12288, 0xb1fd9905
0,     813056,     813056,      512,    12288, 0x8db966db
0,     813568,     813568,      512,    12288, 0x7f23cbae
0,     814080,     814080,      512,    12288, 0xf8ef3dea
0,     814592,     814592,      512,    12288, 0x6d4e1a4c
0,     815104,     815104,      512,    12288, 0x8488b7e5
0,     815616,     815616,      512,    12288, 0x30725cf9
0,     816128,     816128,      512,    12288, 0x15db9dca
0,     816640,     816640,      512,    12288, 0xdb6be79d
0,     817152,     817152,      512,    12288, 0x1f18fd0c
0,     817664,     817664,      512,    12288, 0x589d4868
0,     818176,     818176,      512,    12288, 0x68ef2fc1
0,     818688,     818688,      512,    12288, 0x9a4dbce1
0,     819200,     819200,      512,    12288, 0xca363a62
0,     819712,     819712,      512,    12288, 0x0ae42c8e
0,     820224,     820224,      512,    12288, 0x77cb0f04
0,     820736,     820736,      512,    12288, 0xb70d2b1e
0,     821248,     821248,      512,    12288, 0xb9ad24e8
0,     821760,     821760,      512,    12288, 0x6fd4261e
0,     822272,     822272,      512,    12288, 0x5b13226b
0,     822784,     822784,      512,    12288, 0xcd9451c7
0,     823296,     823296,      512,    12288, 0xb8d0c9dc
0,     823808,     823808,      512,    12288, 0x65b7d982
0,     824320,     824320,      512,    12288, 0xcd588d01
0,     824832,     824832,      512,    12288, 0x22e8fbcf
0,     825344,     825344,      512,    12288, 0xc95103f8
0,     825856,     825856,      512,    12288, 0xce6e292f
0,     826368,     826368,      512,    12288, 0x74f0965b
0,     826880,     826880,      512,    12288, 0x934754f2
0,     827392,     827392,      512,    12288, 0x1e3323c8
0,     827904,     827904,      512,    12288, 0x2fd201e0
0,     828416,     828416,      512,    12288, 0x04ee57ff
0,     828928,     828928,      512,    12288, 0x987ee817
0,     829440,     829440,      512,    12288, 0xc0dd3300
0,     829952,     829952,      512,    12288, 0xc8ce4ded
0,     830464,     830464,      512,    12288, 0x7144e5b8
0,     830976,     830976,      512,    12288, 0xd4d0850f
0,     831488,     831488,      512,    12288, 0xa0286f05
0,     832000,     832000,      512,    12288, 0xbd562169
0,     832512,     832512,      512,    12288, 0xd3503e4b
0,     833024,     833024,      512,    12288, 0xf1b368f1
0,     833536,     833536,      512,    12288, 0xd62b0e39
0,     834048,     834048,      512,    12288, 0xfcb34778
0,     834560,     834560,      512,    12288, 0x49f4fe92
0,     835072,     835072,      512,    12288, 0x54014cf7
0,     835584,     835584,      512,    12288, 0x6cd765d9
0,     836096,     836096,      512,    12288, 0x9252ad9a
0,     836608,     836608,      512,    12288, 0xe2ec0953
0,     837120,     837120,      512,    12288, 0xb11f5818
0,     837632,     837632,      512,    12288, 0x0ea8fc22
0,     838144,     838144,      512,    12288, 0xccefb639
0,     838656,     838656,      512,    12288, 0xb9df2145
0,     839168,     839168,      512,    12288, 0x66608343
0,     839680,     839680,      512,    12288, 0xa868a3af
0,     840192,     840192,      512,    12288, 0x04968797
0,     840704,     840704,      512,    12288, 0x59c681cb
0,     841216,     841216,      512,    12288, 0x13fd7db3
0,     841728,     841728,      512,    12288, 0x8cdfd332
0,     842240,     842240,      512,    12288, 0x32278eeb
0,     842752,     842752,      512,    12288, 0x09e1dd3c
0,     843264,     843264,      512,    12288, 0xafdfe9cc
0,     843776,     843776,      512,    12288, 0x6765498f
0,     844288,     844288,      512,    12288, 0x303e531d
0,     844800,     844800,      512,    12288, 0x59e2956c
0,     845312,     845312,      512,    12288, 0x1f2cf07e
0,     845824,     845824,      512,    12288, 0xafbfddc6
0,     846336,     846336,      512,    12288, 0x58c1b617
0,     846848,     846848,      512,    12288, 0xde58ef7f
0,     847360,     847360,      512,    12288, 0xfa1f8535
0,     847872,     847872,      512,    12288, 0x4b984d27
0,     848384,     848384,      512,    12288, 0x21be054e
0,     848896,     848896,      512,    12288, 0x135b22c7
0,     849408,     849408,      512,    12288, 0x1f00642a
0,     849920,     849920,      512,    12288, 0x98370d3f
0,     850432,     850432,      512,    12288, 0x5607bf9f
0,     850944,     850944,      512,    12288, 0x5004964c
0,     851456,     851456,      512,    12288, 0x62dc80b8
0,     851968,     851968,      512,    12288, 0x0d205c2d
0,     852480,     852480,      512,    12288, 0x91b57063
0,     852992,     852992,      512,    12288, 0x3b70949d
0,     853504,     853504,      512,    12288, 0x65b00f6c
0,     854016,     854016,      512,    12288, 0xfada015a
0,     854528,     854528,      512,    12288, 0x84e73b86
0,     855040,     855040,      512,    12288, 0xfe92bad1
0,     855552,     855552,      512,    12288, 0x462c8ed8
0,     856064,     856064,      512,    12288, 0x79169c42
0,     856576,     856576,      512,    12288, 0x85fb1f50
0,     857088,     857088,      512,    12288, 0x83a8e50d
0,     857600,     857600,      512,    12288, 0xf2136d5d
0,     858112,     858112,      512,    12288, 0x64d0a1d7
0,     858624,     858624,      512,    12288, 0x07f0d76b
0,     859136,     859136,      512,    12288, 0xb1d75117
0,     859648,     859648,      512,    12288, 0xe49719b6
0,     860160,     860160,      512,    12288, 0xbc1da522
0,     860672,     860672,      512,    12288, 0x02059e62
0,     861184,     861184,      512,    12288, 0x2e94301b
0,     861696,     861696,      512,    12288, 0xc4e57c9e
0,     862208,     862208,      512,    12288, 0x04ad3a84
0,     862720,     862720,      512,    12288, 0xd21888c0
0,     863232,     863232,      512,    12288, 0x68ebb29f
0,     863744,     863744,      512,    12288, 0xcaa8f9a7
0,     864256,     864256,      512,    12288, 0x8f1ec6dd
0,     864768,     864768,      512,    12288, 0xb73e04db
0,     865280,     865280,      512,    12288, 0x9f6caa92
0,     865792,     865792,      512,    12288, 0x47ad63ab
0,     866304,     866304,      512,    12288, 0xcd50fe73
0,     866816,     866816,      512,    12288, 0xa4ee0274
0,     867328,     867328,      512,    12288, 0x1a3fa004
0,     867840,     867840,      512,    12288, 0xc9554a76
0,     868352,     868352,      512,    12288, 0xf5c2ad97
0,     868864,     868864,      512,    12288, 0x3665120c
0,     869376,     869376,      512,    12288, 0xe9436946
0,     869888,     869888,      512,    12288, 0x945fa48a
0,     870400,     870400,      512,    12288, 0xe8adb001
0,     870912,     870912,      512,    12288, 0x93527b84
0,     871424,     871424,      512,    12288, 0x68b4a25c
0,     871936,     871936,      512,    12288, 0x1c748c18
0,     872448,     872448,      512,    12288, 0x29572aba
0,     872960,     872960,      512,    12288, 0xd8aacaba
0,     873472,     873472,      512,    12288, 0x5b47e737
0,     873984,     873984,      512,    12288, 0x5b6afd02
0,     874496,     874496,      512,    12288, 0x0e4e2903
0,     875008,     875008,      512,    12288, 0x235d0669
0,     875520,     875520,      512,    12288, 0x935ccc09
0,     876032,     876032,      512,    12288, 0x5a09c0a5
0,     876544,     876544,      512,    12288, 0xc51a9741
0,     877056,     877056,      512,    12288, 0xc0738403
0,     877568,     877568,      512,    12288, 0xfea5f9fa
0,     878080,     878080,      512,    12288, 0x40fb2538
0,     878592,     878592,      512,    12288, 0xef55d4c5
0,     879104,     879104,      512,    12288, 0x4f9a5b56
0,     879616,     879616,      512,    12288, 0xb5ee9e92
0,     880128,     880128,      512,    12288, 0xec07ce04
0,     880640,     880640,      512,    12288, 0x218c0362
0,     881152,     881152,      512,    12288, 0xc41aefc6
0,     881664,     881664,      512,    12288, 0x1957bd49
0,     882176,     882176,      512,    12288, 0xd647bdf5
0,     882688,     882688,      512,    12288, 0x74f0b7a1
0,     883200,     883200,      512,    12288, 0x8d1524d1
0,     883712,     883712,      512,    12288, 0x7c05ee79
0,     884224,     884224,      512,    12288, 0x8d88c930
0,     884736,     884736,      512,    12288, 0xacc9a3f1
0,     885248,     885248,      512,    12288, 0xd4848390
0,     885760,     885760,      512,    12288, 0x76509082
0,     886272,     886272,      512,    12288, 0x1f6e4c35
0,     886784,     886784,      512,    12288, 0x9b938806
0,     887296,     887296,      512,    12288, 0x62619813
0,     887808,     887808,      512,    12288, 0xe469fb74
0,     888320,     888320,      512,    12288, 0x482ceb8c
0,     888832,     888832,      512,    12288, 0x6076dbbb
0,     889344,     889344,      512,    12288, 0x6a9a6328
0,     889856,     889856,      512,    12288, 0x98dfb1db
0,     890368,     890368,      512,    12288, 0xe38ad9f6
0,     890880,     890880,      512,    12288, 0xa3355cc7
0,     891392,     891392,      512,    12288, 0x3d4ee59c
0,     891904,     891904,      512,    12288, 0xde1e47e7
0,     892416,     892416,      512,    12288, 0xea0f0be6
0,     892928,     892928,      512,    12288, 0x5f542e91
0,     893440,     893440,      512,    12288, 0x12af4004
0,     893952,     893952,      512,    12288, 0x714298d0
0,     894464,     894464,      512,    12288, 0x7ff65820
0,     894976,     894976,      512,    12288, 0x353625e3
0,     895488,     895488,      512,    12288, 0x4f66b53e
0,     896000,     896000,      512,    12288, 0xbcce87ec
0,     896512,     896512,      512,    12288, 0x3821fa9e
0,     897024,     897024,      512,    12288, 0x3792f787
0,     897536,     897536,      512,    12288, 0x8e201af2
0,     898048,     898048,      512,    12288, 0xe623c69c
0,     898560,     898560,      512,    12288, 0x804f28b2
0,     899072,     899072,      512,    12288, 0xd2637510
0,     899584,     899584,      512,    12288, 0xe2d0d921
0,     900096,     900096,      512,    12288, 0x35b61b5b
0,     900608,     900608,      512,    12288, 0x3d2fba58
0,     901120,     901120,      512,    12288, 0x983d30a1
0,     901632,     901632,      512,    12288, 0x67d13f54
0,     902144,     902144,      512,    12288, 0x73011161
0,     902656,     902656,      512,    12288, 0x63fceab3
0,     903168,     903168,      512,    12288, 0x3c0ee42c
0,     903680,     903680,      512,    12288, 0x5faa4331
0,     904192,     904192,      512,    12288, 0x0aaaedcd
0,     904704,     904704,      512,    12288, 0x0ddf61ba
0,     905216,     905216,      512,    12288, 0x5c49917e
0,     905728,     905728,      512,    12288, 0x6b16b4c6
0,     906240,     906240,      512,    12288, 0xa6c6e93d
0,     906752,     906752,      512,    12288, 0xc9410a17
0,     907264,     907264,      512,    12288, 0xd3ee258c
0,     907776,     907776,      512,    12288, 0x2e33f047
0,     908288,     908288,      512,    12288, 0x68f1bf0e
0,     908800,     908800,      512,    12288, 0x44388bcb
0,     909312,     909312,      512,    12288, 0x6c1784d1
0,     909824,     909824,      512,    12288, 0xe0ab858c
0,     910336,     910336,      512,    12288, 0x4f5384ca
0,     910848,     910848,      512,    12288, 0x7383b75a
0,     911360,     911360,      512,    12288, 0x185575bf
0,     911872,     911872,      512,    12288, 0xa881ef1c
0,     912384,     912384,      512,    12288, 0x733cc935
0,     912896,     912896,      512,    12288, 0x81aae560
0,     913408,     913408,      512,    12288, 0x019e7224
0,     913920,     913920,      512,    12288, 0x65fd4710
0,     914432,     914432,      512,    12288, 0x2d1adddb
0,     914944,     914944,      512,    12288, 0xc6ea0d17
0,     915456,     915456,      512,    12288, 0x06c6796d
0,     915968,     915968,      512,    12288, 0x385bff77
0,     916480,     916480,      512,    12288, 0xcd79403a
0,     916992,     916992,      512,    12288, 0x8a9b70c9
0,     917504,     917504,      512,    12288, 0x2688e424
0,     918016,     918016,      512,    12288, 0x6a79d1ea
0,     918528,     918528,      512,    12288, 0xc19cd45d
0,     919040,     919040,      512,    12288, 0xa6653599
0,     919552,     919552,      512,    12288, 0xcffd8ea3
0,     920064,     920064,      512,    12288, 0xb9154fc1
0,     920576,     920576,      512,    12288, 0x42186785
0,     921088,     921088,      512,    12288, 0x4b972b00
0,     921600,     921600,      512,    12288, 0x939e62df
0,     922112,     922112,      512,    12288, 0x10712541
0,     922624,     922624,      512,    12288, 0x1d61fd5d
0,     923136,     923136,      512,    12288, 0xb5c255d4
0,     923648,     923648,      512,    12288, 0x286b162e
0,     924160,     924160,      512,    12288, 0x7c497303
0,     924672,     924672,      512,    12288, 0x11418d3a
0,     925184,     925184,      512,    12288, 0x17dcd83b
0,     925696,     925696,      512,    12288, 0x56ff1479
0,     926208,     926208,      512,    12288, 0x3d7350dc
0,     926720,     926720,      512,    12288, 0x673931c3
0,     927232,     927232,      512,    12288, 0x4582afc4
0,     927744,     927744,      512,    12288, 0xfa9a549a
0,     928256,     928256,      512,    12288, 0xb4719a19
0,     928768,     928768,      512,    12288, 0x1c859957
0,     929280,     929280,      512,    12288, 0x330dab92
0,     929792,     929792,      512,    12288, 0x13b27c7c
0,     930304,     930304,      512,    12288, 0xc611459d
0,     930816,     930816,      512,    12288, 0x9f20011d
0,     931328,     931328,      512,    12288, 0x531f0820
0,     931840,     931840,      512,    12288, 0x9d914ef0
0,     932352,     932352,      512,    12288, 0x4ef43a91
0,     932864,     932864,      512,    12288, 0x3adccb23
0,     933376,     933376,      512,    12288, 0x5394c826
0,     933888,     933888,      512,    12288, 0xfbf495d3
0,     934400,     934400,      512,    12288, 0x7077a333
0,     934912,     934912,      512,    12288, 0xd0b66690
0,     935424,     935424,      512,    12288, 0xd46ac72b
0,     935936,     935936,      512,    12288, 0x3c4cd0f3
0,     936448,     936448,      512,    12288, 0x9514832a
0,     936960,     936960,      512,    12288, 0xb32bc394
0,     937472,     937472,      512,    12288, 0xf8ed18ac
0,     937984,     937984,      512,    12288, 0x66dc38cb
0,     938496,     938496,      512,    12288, 0xae0f5dca
0,     939008,     939008,      512,    12288, 0xf3337247
0,     939520,     939520,      512,    12288, 0xa8472279
0,     940032,     940032,      512,    12288, 0x03c31541
0,     940544,     940544,      512,    12288, 0xd7d004dd
0,     941056,     941056,      512,    12288, 0x01f55039
0,     941568,     941568,      512,    12288, 0xd2c6596d
0,     942080,     942080,      512,    12288, 0xf2d07097
0,     942592,     942592,      512,    12288, 0x17a88339
0,     943104,     943104,      512,    12288, 0x559c8b7c
0,     943616,     943616,      512,    12288, 0x30986d00
0,     944128,     944128,      512,    12288, 0x8455a899
0,     944640,     944640,      512,    12288, 0x523103ab
0,     945152,     945152,      512,    12288, 0x66a2408d
0,     945664,     945664,      512,    12288, 0x5cd6dfea
0,     946176,     946176,      512,    12288, 0xc27d2e95
0,     946688,     946688,      512,    12288, 0x99ae4d6a
0,     947200,     947200,      512,    12288, 0x123bb9c3
0,     947712,     947712,      512,    12288, 0x3bfbd53b
0,     948224,     948224,      512,    12288, 0x468f1152
0,     948736,     948736,      512,    12288, 0xec4e2308
0,     949248,     949248,      512,    12288, 0x074569ff
0,     949760,     949760,      512,    12288, 0x45f92680
0,     950272,     950272,      512,    12288, 0x713bec46
0,     950784,     950784,      512,    12288, 0x3874b9b0
0,     951296,     951296,      512,    12288, 0xbc27856d
0,     951808,     951808,      512,    12288, 0xb6756c19
0,     952320,     952320,      512,    12288, 0x94ec2099
0,     952832,     952832,      512,    12288, 0x81681e12
0,     953344,     953344,      512,    12288, 0xd6350543
0,     953856,     953856,      512,    12288, 0xcf476b45
0,     954368,     954368,      512,    12288, 0x6090e5a3
0,     954880,     954880,      512,    12288, 0xb7fba086
0,     955392,     955392,      512,    12288, 0x5b148de5
0,     955904,     955904,      512,    12288, 0xdd48560d
0,     956416,     956416,      512,    12288, 0x27d04415
0,     956928,     956928,      512,    12288, 0x1a57420c
0,     957440,     957440,      512,    12288, 0x0c6e5d4b
0,     957952,     957952,      512,    12288, 0x5b3bde19
0,     958464,     958464,      512,    12288, 0x334f9a64
0,     958976,     958976,      512,    12288, 0x26620962
0,     959488,     959488,      512,    12288, 0xab235057
0,     960000,     960000,      512,    12288, 0x58c05513
0,     960512,     960512,      512,    12288, 0xddc80448
0,     961024,     961024,      512,    12288, 0x5723f599
0,     961536,     961536,      512,    12288, 0xecb4440c
0,     962048,     962048,      512,    12288, 0xe4b7b701
0,     962560,     962560,      512,    12288, 0x5d5853d1
0,     963072,     963072,      512,    12288, 0x2bbabb31
0,     963584,     963584,      512,    12288, 0x69a04f8e
0,     964096,     964096,      512,    12288, 0xf24419d8
0,     964608,     964608,      512,    12288, 0x42966060
0,     965120,     965120,      512,    12288, 0x5fea964c
0,     965632,     965632,      512,    12288, 0x73bee7ca
0,     966144,     966144,      512,    12288, 0x9a550806
0,     966656,     966656,      512,    12288, 0x043ea9c6
0,     967168,     967168,      512,    12288, 0x8fea98c5
0,     967680,     967680,      512,    12288, 0x427a4654
0,     968192,     968192,      512,    12288, 0xf82eec1a
0,     968704,     968704,      512,    12288, 0x96d8c1fa
0,     969216,     969216,      512,    12288, 0xb12ed739
0,     969728,     969728,      512,    12288, 0xde4a353d
0,     970240,     970240,      512,    12288, 0x96b931cd
0,     970752,     970752,      512,    12288, 0xfa24c440
0,     971264,     971264,      512,    12288, 0xb6eedf6c
0,     971776,     971776,      512,    12288, 0xc6f9e983
0,     972288,     972288,      512,    12288, 0xab167fb7
0,     972800,     972800,      512,    12288, 0xdee3e9d5
0,     973312,     973312,      512,    12288, 0x9f9ec2d3
0,     973824,     973824,      512,    12288, 0x28a603c9
0,     974336,     974336,      512,    12288, 0x0d2cd9aa
0,     974848,     974848,      512,    12288, 0xd18616fb
0,     975360,     975360,      512,    12288, 0x5108cc36
0,     975872,     975872,      512,    12288, 0x222e2977
0,     976384,     976384,      512,    12288, 0x4ae08d2d
0,     976896,     976896,      512,    12288, 0x21919289
0,     977408,     977408,      512,    12288, 0x81ccbb76
0,     977920,     977920,      512,    12288, 0xc3be62c3
0,     978432,     978432,      512,    12288, 0xafd3e26e
0,     978944,     978944,      512,    12288, 0x5a3860a8
0,     979456,     979456,      512,    12288, 0x72f8d550
0,     979968,     979968,      512,    12288, 0xfe2526e3
0,     980480,     980480,      512,    12288, 0x2392741c
0,     980992,     980992,      512,    12288, 0xad56df2a
0,     981504,     981504,      512,    12288, 0x89b0d514
0,     982016,     982016,      512,    12288, 0xd1b0cad0
0,     982528,     982528,      512,    12288, 0xe7f09df0
0,     983040,     983040,      512,    12288, 0xf494cd8c
0,     983552,     983552,      512,    12288, 0x08618636
0,     984064,     984064,      512,    12288, 0x24cad242
0,     984576,     984576,      512,    12288, 0x028c63c2
0,     985088,     985088,      512,    12288, 0x23954e37
0,     985600,     985600,      512,    12288, 0xe8dc5ca5
0,     986112,     986112,      512,    12288, 0x2dcfd576
0,     986624,     986624,      512,    12288, 0x7ef475be
0,     987136,     987136,      512,    12288, 0x8a84413f
0,     987648,     987648,      512,    12288, 0x1c22a206
0,     988160,     988160,      512,    12288, 0xf96c6c65
0,     988672,     988672,      512,    12288, 0x1ddd0eae
0,     989184,     989184,      512,    12288, 0xe18a4eeb
0,     989696,     989696,      512,    12288, 0x5223a071
0,     990208,     990208,      512,    12288, 0x75b83814
0,     990720,     990720,      512,    12288, 0x457025a6
0,     991232,     991232,      512,    12288, 0x2c070389
0,     991744,     991744,      512,    12288, 0x2161f650
0,     992256,     992256,      512,    12288, 0x1dbd2a7d
0,     992768,     992768,      512,    12288, 0x373678fc
0,     993280,     993280,      512,    12288, 0xc76e780f
0,     993792,     993792,      512,    12288, 0x3f1e258e
0,     994304,     994304,      512,    12288, 0xcd5648c2
0,     994816,     994816,      512,    12288, 0x36e4fe1e
0,     995328,     995328,      512,    12288, 0x06d3ed08
0,     995840,     995840,      512,    12288, 0xa1d43e90
0,     996352,     996352,      512,    12288, 0x7c660448
0,     996864,     996864,      512,    12288, 0xa81d37ba
0,     997376,     997376,      512,    12288, 0xafc4739e
0,     997888,     997888,      512,    12288, 0x7f7960c4
0,     998400,     998400,      512,    12288, 0xfc50bd7b
0,     998912,     998912,      512,    12288, 0x0bbcc81a
0,     999424,     999424,      512,    12288, 0xf5cfeb3f
0,     999936,     999936,      512,    12288, 0x5b0b2252
0,    1000448,    1000448,      512,    12288, 0x7c0e11d4
0,    1000960,    1000960,      512,    12288, 0x11df603c
0,    1001472,    1001472,      512,    12288, 0xa2a1d31c
0,    1001984,    1001984,      512,    12288, 0x57536e4b
0,    1002496,    1002496,      512,    12288, 0x66c39c1f
0,    1003008,    1003008,      512,    12288, 0xe6107ee9
0,    1003520,    1003520,      512,    12288, 0xdd430fbe
0,    1004032,    1004032,      512,    12288, 0x0ee7b964
0,    1004544,    1004544,      512,    12288, 0xa09deafb
0,    1005056,    1005056,      512,    12288, 0x8d67bca6
0,    1005568,    1005568,      512,    12288, 0xc3464c24
0,    1006080,    1006080,      512,    12288, 0x42e8afab
0,    1006592,    1006592,      512,    12288, 0xa36077c8
0,    1007104,    1007104,      512,    12288, 0x7104fbbb
0,    1007616,    1007616,      512,    12288, 0x159e48e7
0,    1008128,    1008128,      512,    12288, 0x8c6cca95
0,    1008640,    1008640,      512,    12288, 0xaf60bc98
0,    1009152,    1009152,      512,    12288, 0xb0d1a3c4
0,    1009664,    1009664,      512,    12288, 0x358017c7
0,    1010176,    1010176,      512,    12288, 0x81e48862
0,    1010688,    1010688,      512,    12288, 0x25817434
0,    1011200,    1011200,      512,    12288, 0x3a115820
0,    1011712,    1011712,      512,    12288, 0x10e32b95
0,    1012224,    1012224,      512,    12288, 0xef017f9d
0,    1012736,    1012736,      512,    12288, 0xbe49c91b
0,    1013248,    1013248,      512,    12288, 0x872fd0e5
0,    1013760,    1013760,      512,    12288, 0xf6d07b6b
0,    1014272,    1014272,      512,    12288, 0x3c4f46ab
0,    1014784,    1014784,      512,    12288, 0x0f9dea63
0,    1015296,    1015296,      512,    12288, 0x3a614626
0,    1015808,    1015808,      512,    12288, 0x2fc6a840
0,    1016320,    1016320,      512,    12288, 0xdb896222
0,    1016832,    1016832,      512,    12288, 0x74a574d4
0,    1017344,    1017344,      512,    12288, 0x611edb5a
0,    1017856,    1017856,      512,    12288, 0x11e2a6ca
0,    1018368,    1018368,      512,    12288, 0x8f4fa4cf
0,    1018880,    1018880,      512,    12288, 0x3755c6e0
0,    1019392,    1019392,      512,    12288, 0x172707fc
0,    1019904,    1019904,      512,    12288, 0xf1fa0d52
0,    1020416,    1020416,      512,    12288, 0x00d0f4d7
0,    1020928,    1020928,      512,    12288, 0x303c2212
0,    1021440,    1021440,      512,    12288, 0x532065ed
0,    1021952,    1021952,      512,    12288, 0xb9fd4b96
0,    1022464,    1022464,      512,    12288, 0xffd61b7b
0,    1022976,    1022976,      512,    12288, 0x158805dd
0,    1023488,    1023488,      512,    12288, 0x93b44ec0
0,    1024000,    1024000,      512,    12288, 0xdd5f3561
0,    1024512,    1024512,      512,    12288, 0x29799fa9
0,    1025024,    1025024,      512,    12288, 0xf59f7c7b
0,    1025536,    1025536,      512,    12288, 0x5b61e46b
0,    1026048,    1026048,      512,    12288, 0x210ef317
0,    1026560,    1026560,      512,    12288, 0x6f5de5d2
0,    1027072,    1027072,      512,    12288, 0x169a51c8
0,    1027584,    1027584,      512,    12288, 0x97565971
0,    1028096,    1028096,      512,    12288, 0x62846268
0,    1028608,    1028608,      512,    12288, 0x661b0aaf
0,    1029120,    1029120,      512,    12288, 0x75cc6609
0,    1029632,    1029632,      512,    12288, 0x06e01a27
0,    1030144,    1030144,      512,    12288, 0x882e6cdd
0,    1030656,    1030656,      512,    12288, 0xda882b90
0,    1031168,    1031168,      512,    12288, 0xb3eb2d17
0,    1031680,    1031680,      512,    12288, 0x568b03bc
0,    1032192,    1032192,      512,    12288, 0xc1190ed7
0,    1032704,    1032704,      512,    12288, 0xd4d56b0e
0,    1033216,    1033216,      512,    12288, 0x37e0e5a3
0,    1033728,    1033728,      512,    12288, 0x5c9b6469
0,    1034240,    1034240,      512,    12288, 0xccf7470d
0,    1034752,    1034752,      512,    12288, 0xceb4a74f
0,    1035264,    1035264,      512,    12288, 0x5bd1e9b2
0,    1035776,    1035776,      512,    12288, 0xa613d332
0,    1036288,    1036288,      512,    12288, 0x6d438973
0,    1036800,    1036800,      512,    12288, 0x225208b3
0,    1037312,    1037312,      512,    12288, 0x86a5541c
0,    1037824,    1037824,      512,    12288, 0xf8740f61
0,    1038336,    1038336,      512,    12288, 0x23404f25
0,    1038848,    1038848,      512,    12288, 0xc5be97b2
0,    1039360,    1039360,      512,    12288, 0xe2a43790
0,    1039872,    1039872,      512,    12288, 0x356c95df
0,    1040384,    1040384,      512,    12288, 0x4dc3452a
0,    1040896,    1040896,      512,    12288, 0xb9133ba0
0,    1041408,    1041408,      512,    12288, 0x22936444
0,    1041920,    1041920,      512,    12288, 0xc59ed02e
0,    1042432,    1042432,      512,    12288, 0x69fe2d2a
0,    1042944,    1042944,      512,    12288, 0xb62b898b
0,    1043456,    1043456,      512,    12288, 0xd2016298
0,    1043968,    1043968,      512,    12288, 0x7a5b2406
0,    1044480,    1044480,      512,    12288, 0x1d8d1b05
0,    1044992,    1044992,      512,    12288, 0x6ff4f21f
0,    1045504,    1045504,      512,    12288, 0xedff8fca
0,    1046016,    1046016,      512,    12288, 0xb024a73c
0,    1046528,    1046528,      512,    12288, 0x4470d137
0,    1047040,    1047040,      512,    12288, 0xb6520d5f
0,    1047552,    1047552,      512,    12288, 0xa823348c
0,    1048064,    1048064,      512,    12288, 0xdd2cf7f7
0,    1048576,    1048576,      512,    12288, 0xc7aeef1b
0,    1049088,    1049088,      512,    12288, 0x6751891b
0,    1049600,    1049600,      512,    12288, 0xaa421072
0,    1050112,    1050112,      512,    12288, 0x2fddd4c0
0,    1050624,    1050624,      512,    12288, 0x301170e0
0,    1051136,    1051136,      512,    12288, 0x6e14fdd4
0,    1051648,    1051648,      512,    12288, 0x1ea452d4
0,    1052160,    1052160,      512,    12288, 0x9637771e
0,    1052672,    1052672,      512,    12288, 0xfc24eedf
0,    1053184,    1053184,      512,    12288, 0x7749e182
0,    1053696,    1053696,      512,    12288, 0xfd2bbd43
0,    1054208,    1054208,      512,    12288, 0x76867c77
0,    1054720,    1054720,      512,    12288, 0x1525d95e
0,    1055232,    1055232,      512,    12288, 0x2deb7a42
0,    1055744,    1055744,      512,    12288, 0xf9509b14
0,    1056256,    1056256,      512,    12288, 0x3fe23d52
0,    1056768,    1056768,      512,    12288, 0x67de83ec
0,    1057280,    1057280,      512,    12288, 0x38fa1feb
0,    1057792,    1057792,      512,    12288, 0x756eaee7
0,    1058304,    1058304,      512,    12288, 0x1e8f0680
0,    1058816,    1058816,      512,    12288, 0x3b13677a
0,    1059328,    1059328,      512,    12288, 0xce30d98b
0,    1059840,    1059840,      512,    12288, 0x6aa8e0d2
0,    1060352,    1060352,      512,    12288, 0x99bf5360
0,    1060864,    1060864,      512,    12288, 0x12fef72c
0,    1061376,    1061376,      512,    12288, 0x9f248bd2
0,    1061888,    1061888,      512,    12288, 0xdf4db467
0,    1062400,    1062400,      512,    12288, 0x65e34a90
0,    1062912,    1062912,      512,    12288, 0x4a028030
0,    1063424,    1063424,      512,    12288, 0x4bc12aef
0,    1063936,    1063936,      512,    12288, 0x674ffec1
0,    1064448,    1064448,      512,    12288, 0x5e021c16
0,    1064960,    1064960,      512,    12288, 0xebfb75ff
0,    1065472,    1065472,      512,    12288, 0x938b32d6
0,    1065984,    1065984,      512,    12288, 0x39382d60
0,    1066496,    1066496,      512,    12288, 0x82eda510
0,    1067008,    1067008,      512,    12288, 0x316b6982
0,    1067520,    1067520,      512,    12288, 0x5f138d96
0,    1068032,    1068032,      512,    12288, 0x78747b96
0,    1068544,    1068544,      512,    12288, 0x8ef087d5
0,    1069056,    1069056,      512,    12288, 0x86347d27
0,    1069568,    1069568,      512,    12288, 0x4e9b9e12
0,    1070080,    1070080,      512,    12288, 0xc5930073
0,    1070592,    1070592,      512,    12288, 0x110c7fbf
0,    1071104,    1071104,      512,    12288, 0x346a103a
0,    1071616,    1071616,      512,    12288, 0xf38e6bdf
0,    1072128,    1072128,      512,    12288, 0x3c950d94
0,    1072640,    1072640,      512,    12288, 0x0680e479
0,    1073152,    1073152,      512,    12288, 0xe6986cc8
0,    1073664,    1073664,      512,    12288, 0xcce63e19
0,    1074176,    1074176,      512,    12288, 0x6f89b220
0,    1074688,    1074688,      512,    12288, 0x3a30874c
0,    1075200,    1075200,      512,    12288, 0x06ad7048
0,    1075712,    1075712,      512,    12288, 0x6d642726
0,    1076224,    1076224,      512,    12288, 0xf328ef58
0,    1076736,    1076736,      512,    12288, 0x42b47ea2
0,    1077248,    1077248,      512,    12288, 0x0df64baa
0,    1077760,    1077760,      512,    12288, 0x2e769c45
0,    1078272,    1078272,      512,    12288, 0x7f752433
0,    1078784,    1078784,      512,    12288, 0xb4df7086
0,    1079296,    1079296,      512,    12288, 0xe28b9113
0,    1079808,    1079808,      512,    12288, 0x0e770fd8
0,    1080320,    1080320,      512,    12288, 0x9a3416c3
0,    1080832,    1080832,      512,    12288, 0x1bf66ea8
0,    1081344,    1081344,      512,    12288, 0x47aab2b0
0,    1081856,    1081856,      512,    12288, 0x29bbaf83
0,    1082368,    1082368,      512,    12288, 0x5680fbcd
0,    1082880,    1082880,      512,    12288, 0x6cc1b12f
0,    1083392,    1083392,      512,    12288, 0xaa527522
0,    1083904,    1083904,      512,    12288, 0xefca899e
0,    1084416,    1084416,      512,    12288, 0x0ffb2117
0,    1084928,    1084928,      512,    12288, 0xb1ef70a6
0,    1085440,    1085440,      512,    12288, 0x0a48adc2
0,    1085952,    1085952,      512,    12288, 0xcfd8bc74
0,    1086464,    1086464,      512,    12288, 0x7db9bbc2
0,    1086976,    1086976,      512,    12288, 0x4cf6c439
0,    1087488,    1087488,      512,    12288, 0xef23c1df
0,    1088000,    1088000,      512,    12288, 0x477b3859
0,    1088512,    1088512,      512,    12288, 0xc8844ec1
0,    1089024,    1089024,      512,    12288, 0x183cdece
0,    1089536,    1089536,      512,    12288, 0xdd71dd37
0,    1090048,    1090048,      512,    12288, 0xba9ade6f
0,    1090560,    1090560,      512,    12288, 0x9c676c61
0,    1091072,    1091072,      512,    12288, 0x56466945
0,    1091584,    1091584,      512,    12288, 0x72c74ca2
0,    1092096,    1092096,      512,    12288, 0x3643f47a
0,    1092608,    1092608,      512,    12288, 0x6845d9d8
0,    1093120,    1093120,      512,    12288, 0x946b78ba
0,    1093632,    1093632,      512,    12288, 0x28a5b47b
0,    1094144,    1094144,      512,    12288, 0x2d530777
0,    1094656,    1094656,      512,    12288, 0xdbcddb39
0,    1095168,    1095168,      512,    12288, 0x62e826f3
0,    1095680,    1095680,      512,    12288, 0xcb779a4c
0,    1096192,    1096192,      512,    12288, 0x2d62c495
0,    1096704,    1096704,      512,    12288, 0x0e03fe8b
0,    1097216,    1097216,      512,    12288, 0x80fc4536
0,    1097728,    1097728,      512,    12288, 0x644a1672
0,    1098240,    1098240,      512,    12288, 0xd88560f0
0,    1098752,    1098752,      512,    12288, 0x31ff816a
0,    1099264,    1099264,      512,    12288, 0x94c5f373
0,    1099776,    1099776,      512,    12288, 0xedf98d14
0,    1100288,    1100288,      512,    12288, 0xac65b01c
0,    1100800,    1100800,      512,    12288, 0xd1119e99
0,    1101312,    1101312,      512,    12288, 0x8230029b
0,    1101824,    1101824,      512,    12288, 0xa963b949
0,    1102336,    1102336,      512,    12288, 0xf5052877
0,    1102848,    1102848,      512,    12288, 0x7901f1f0
0,    1103360,    1103360,      512,    12288, 0x33b2effa
0,    1103872,    1103872,      512,    12288, 0x13a184be
0,    1104384,    1104384,      512,    12288, 0x92b3f33a
0,    1104896,    1104896,      512,    12288, 0x13583b2c
0,    1105408,    1105408,      512,    12288, 0x60220def
0,    1105920,    1105920,      512,    12288, 0x30be4cfb
0,    1106432,    1106432,      512,    12288, 0xfba20d61
0,    1106944,    1106944,      512,    12288, 0x691dac8c
0,    1107456,    1107456,      512,    12288, 0x12dd4bcf
0,    1107968,    1107968,      512,    12288, 0x34243ca0
0,    1108480,    1108480,      512,    12288, 0x4914788f
0,    1108992,    1108992,      512,    12288, 0xd7bc3c5c
0,    1109504,    1109504,      512,    12288, 0x67ead9dc
0,    1110016,    1110016,      512,    12288, 0x9da82c03
0,    1110528,    1110528,      512,    12288, 0x370fa763
0,    1111040,    1111040,      512,    12288, 0xa40eaa38
0,    1111552,    1111552,      512,    12288, 0xdd4a9e11
0,    1112064,    1112064,      512,    12288, 0x6c7cfcf7
0,    1112576,    1112576,      512,    12288, 0xed2d8523
0,    1113088,    1113088,      512,    12288, 0x6fbf6717
0,    1113600,    1113600,      512,    12288, 0x005b6565
0,    1114112,    1114112,      512,    12288, 0x2684c121
0,    1114624,    1114624,      512,    12288, 0x9b4df20c
0,    1115136,    1115136,      512,    12288, 0x4a9cdbd9
0,    1115648,    1115648,      512,    12288, 0x0c7b7b75
0,    1116160,    1116160,      512,    12288, 0x762ac1af
0,    1116672,    1116672,      512,    12288, 0x2e6d406f
0,    1117184,    1117184,      512,    12288, 0xb623da4f
0,    1117696,    1117696,      512,    12288, 0xeb5b2a23
0,    1118208,    1118208,      512,    12288, 0x9bbf44eb
0,    1118720,    1118720,      512,    12288, 0x36f8882d
0,    1119232,    1119232,      512,    12288, 0x06caa32c
0,    1119744,    1119744,      512,    12288, 0xf9fe980c
0,    1120256,    1120256,      512,    12288, 0xaa8bf2d8
0,    1120768,    1120768,      512,    12288, 0x45f12ac4
0,    1121280,    1121280,      512,    12288, 0xfd4e47b2
0,    1121792,    1121792,      512,    12288, 0x1e1d513f
0,    1122304,    1122304,      512,    12288, 0x63848cdd
0,    1122816,    1122816,      512,    12288, 0x1c6ac4d9
0,    1123328,    1123328,      512,    12288, 0x5707bfa9
0,    1123840,    1123840,      512,    12288, 0x4a5bec85
0,    1124352,    1124352,      512,    12288, 0x40829b90
0,    1124864,    1124864,      512,    12288, 0xaffc7ca0
0,    1125376,    1125376,      512,    12288, 0x5981d1da
0,    1125888,    1125888,      512,    12288, 0xba06c235
0,    1126400,    1126400,      512,    12288, 0xe4870eea
0,    1126912,    1126912,      512,    12288, 0x968f1071
0,    1127424,    1127424,      512,    12288, 0x0adf03b7
0,    1127936,    1127936,      512,    12288, 0xd4793198
0,    1128448,    1128448,      512,    12288, 0x1780f83b
0,    1128960,    1128960,      512,    12288, 0xc57d9972
0,    1129472,    1129472,      512,    12288, 0x285e2fc6
0,    1129984,    1129984,      512,    12288, 0x698e9ed9
0,    1130496,    1130496,      512,    12288, 0x9b3223f8
0,    1131008,    1131008,      512,    12288, 0x2af1f191
0,    1131520,    1131520,      512,    12288, 0xdf62cd9a
0,    1132032,    1132032,      512,    12288, 0x4695603e
0,    1132544,    1132544,      512,    12288, 0x877ebd54
0,    1133056,    1133056,      512,    12288, 0x4635896a
0,    1133568,    1133568,      512,    12288, 0x534890e9
0,    1134080,    1134080,      512,    12288, 0x8f545dd4
0,    1134592,    1134592,      512,    12288, 0x6c3f22f8
0,    1135104,    1135104,      512,    12288, 0x1fe130f8
0,    1135616,    1135616,      512,    12288, 0xecaa4527
0,    1136128,    1136128,      512,    12288, 0x4bcbfd3b
0,    1136640,    1136640,      512,    12288, 0x5e9450d1
0,    1137152,    1137152,      512,    12288, 0x9516c1c4
0,    1137664,    1137664,      512,    12288, 0x715e8571
0,    1138176,    1138176,      512,    12288, 0x106ebd58
0,    1138688,    1138688,      512,    12288, 0x44867829
0,    1139200,    1139200,      512,    12288, 0xb2bf7e77
0,    1139712,    1139712,      512,    12288, 0xdda2e8ba
0,    1140224,    1140224,      512,    12288, 0xa900aa35
0,    1140736,    1140736,      512,    12288, 0x17185665
0,    1141248,    1141248,      512,    12288, 0x071c597e
0,    1141760,    1141760,      512,    12288, 0x1333e3c2
0,    1142272,    1142272,      512,    12288, 0x6fa8f833
0,    1142784,    1142784,      512,    12288, 0x54d10900
0,    1143296,    1143296,      512,    12288, 0xe949bca7
0,    1143808,    1143808,      512,    12288, 0x34f4a1a8
0,    1144320,    1144320,      512,    12288, 0x6051a561
0,    1144832,    1144832,      512,    12288, 0xfb593ed2
0,    1145344,    1145344,      512,    12288, 0x04b450bd
0,    1145856,    1145856,      512,    12288, 0x723a5140
0,    1146368,    1146368,      512,    12288, 0x3ae070fb
0,    1146880,    1146880,      512,    12288, 0xff160c9e
0,    1147392,    1147392,      512,    12288, 0x488ab4b9
0,    1147904,    1147904,      512,    12288, 0xedadaf11
0,    1148416,    1148416,      512,    12288, 0x85077071
0,    1148928,    1148928,      512,    12288, 0xb7c263d9
0,    1149440,    1149440,      512,    12288, 0x8d39bc80
0,    1149952,    1149952,      512,    12288, 0x6fdc416a
0,    1150464,    1150464,      512,    12288, 0x3ac612ff
0,    1150976,    1150976,      512,    12288, 0x550cafdd
0,    1151488,    1151488,      512,    12288, 0xc92e8587
0,    1152000,    1152000,      512,    12288, 0x26ad2338
0,    1152512,    1152512,      512,    12288, 0xc2c49d00
0,    1153024,    1153024,      512,    12288, 0x01bf97dc
0,    1153536,    1153536,      512,    12288, 0x4891612a
0,    1154048,    1154048,      512,    12288, 0x242b01f4
0,    1154560,    1154560,      512,    12288, 0xab7661fd
0,    1155072,    1155072,      512,    12288, 0xaa684fa7
0,    1155584,    1155584,      512,    12288, 0xacd56416
0,    1156096,    1156096,      512,    12288, 0xdc25548a
0,    1156608,    1156608,      512,    12288, 0xee5525db
0,    1157120,    1157120,      512,    12288, 0xcd381e8d
0,    1157632,    1157632,      512,    12288, 0x37b679e1
0,    1158144,    1158144,      512,    12288, 0x5cb08f76
0,    1158656,    1158656,      512,    12288, 0xa048560b
0,    1159168,    1159168,      512,    12288, 0x2921956e
0,    1159680,    1159680,      512,    12288, 0xaf56ec6b
0,    1160192,    1160192,      512,    12288, 0x450f5d1e
0,    1160704,    1160704,      512,    12288, 0x2fd58af4
0,    1161216,    1161216,      512,    12288, 0x717ab22c
0,    1161728,    1161728,      512,    12288, 0x494aec6d
0,    1162240,    1162240,      512,    12288, 0x5717a1a5
0,    1162752,    1162752,      512,    12288, 0xb06d9ac1
0,    1163264,    1163264,      512,    12288, 0x9d9d7686
0,    1163776,    1163776,      512,    12288, 0x328c0a0b
0,    1164288,    1164288,      512,    12288, 0x90ebea36
0,    1164800,    1164800,      512,    12288, 0x2e18d0eb
0,    1165312,    1165312,      512,    12288, 0x0f6a9611
0,    1165824,    1165824,      512,    12288, 0x0612aa16
0,    1166336,    1166336,      512,    12288, 0x4da62047
0,    1166848,    1166848,      512,    12288, 0x81311c34
0,    1167360,    1167360,      512,    12288, 0xe6254481
0,    1167872,    1167872,      512,    12288, 0x14723a7f
0,    1168384,    1168384,      512,    12288, 0x7a333e91
0,    1168896,    1168896,      512,    12288, 0xd78c09ae
0,    1169408,    1169408,      512,    12288, 0x4fb4f81a
0,    1169920,    1169920,      512,    12288, 0x4d9824a8
0,    1170432,    1170432,      512,    12288, 0x025d5636
0,    1170944,    1170944,      512,    12288, 0x427db89c
0,    1171456,    1171456,      512,    12288, 0xd133ba6f
0,    1171968,    1171968,      512,    12288, 0x1efd0964
0,    1172480,    1172480,      512,    12288, 0x185ac76a
0,    1172992,    1172992,      512,    12288, 0xa76aa10e
0,    1173504,    1173504,      512,    12288, 0x5e5e1ec3
0,    1174016,    1174016,      512,    12288, 0xcc6a40a3
0,    1174528,    1174528,      512,    12288, 0x3dcd7099
0,    1175040,    1175040,      512,    12288, 0xc32f78ac
0,    1175552,    1175552,      512,    12288, 0x12663c39
0,    1176064,    1176064,      512,    12288, 0x0cc55b8e
0,    1176576,    1176576,      512,    12288, 0x244fa2a0
0,    1177088,    1177088,      512,    12288, 0x80ad3115
0,    1177600,    1177600,      512,    12288, 0x3e777fce
0,    1178112,    1178112,      512,    12288, 0x0d70080b
0,    1178624,    1178624,      512,    12288, 0xf97ad387
0,    1179136,    1179136,      512,    12288, 0xa1bb63d8
0,    1179648,    1179648,      512,    12288, 0xc193ab4b
0,    1180160,    1180160,      512,    12288, 0x47dff050
0,    1180672,    1180672,      512,    12288, 0xbde42d6f
0,    1181184,    1181184,      512,    12288, 0x832d3223
0,    1181696,    1181696,      512,    12288, 0x8496e91d
0,    1182208,    1182208,      512,    12288, 0xc8f8b1d7
0,    1182720,    1182720,      512,    12288, 0x6409d9f9
0,    1183232,    1183232,      512,    12288, 0xc41b4f10
0,    1183744,    1183744,      512,    12288, 0xc22bce15
0,    1184256,    1184256,      512,    12288, 0x759adb47
0,    1184768,    1184768,      512,    12288, 0x01971f02
0,    1185280,    1185280,      512,    12288, 0x6da673c8
0,    1185792,    1185792,      512,    12288, 0xb5d2d770
0,    1186304,    1186304,      512,    12288, 0xc42d684a
0,    1186816,    1186816,      512,    12288, 0x28cbb6e5
0,    1187328,    1187328,      512,    12288, 0xb714355c
0,    1187840,    1187840,      512,    12288, 0xf7f1d2c9
0,    1188352,    1188352,      512,    12288, 0x33312124
0,    1188864,    1188864,      512,    12288, 0xa67d98be
0,    1189376,    1189376,      512,    12288, 0xfa3f9e55
0,    1189888,    1189888,      512,    12288, 0x20599e93
0,    1190400,    1190400,      512,    12288, 0x9afb980e
0,    1190912,    1190912,      512,    12288, 0xb9a6988c
0,    1191424,    1191424,      512,    12288, 0x89e53058
0,    1191936,    1191936,      512,    12288, 0xd9bd9b1c
0,    1192448,    1192448,      512,    12288, 0x24166ee7
0,    1192960,    1192960,      512,    12288, 0x587f2673
0,    1193472,    1193472,      512,    12288, 0xff4590f5
0,    1193984,    1193984,      512,    12288, 0x5e37eba6
0,    1194496,    1194496,      512,    12288, 0x4fa318f0
0,    1195008,    1195008,      512,    12288, 0x1016366d
0,    1195520,    1195520,      512,    12288, 0x04065134
0,    1196032,    1196032,      512,    12288, 0xfce78b9e
0,    1196544,    1196544,      512,    12288, 0x1e6e4699
0,    1197056,    1197056,      512,    12288, 0xd02e7ba5
0,    1197568,    1197568,      512,    12288, 0x278ad151
0,    1198080,    1198080,      512,    12288, 0x8a665c29
0,    1198592,    1198592,      512,    12288, 0x5f4a8b6f
0,    1199104,    1199104,      512,    12288, 0x3ec1b810
0,    1199616,    1199616,      512,    12288, 0xc22a7742
0,    1200128,    1200128,      512,    12288, 0xa2a2aa48
0,    1200640,    1200640,      512,    12288, 0x88d790bf
0,    1201152,    1201152,      512,    12288, 0x94d70e27
0,    1201664,    1201664,      512,    12288, 0x7e88bd67
0,    1202176,    1202176,      512,    12288, 0x2819b7eb
0,    1202688,    1202688,      512,    12288, 0x89724fa3
0,    1203200,    1203200,      512,    12288, 0x7d9cab9f
0,    1203712,    1203712,      512,    12288, 0xc5b999e1
0,    1204224,    1204224,      512,    12288, 0xa467e5ea
0,    1204736,    1204736,      512,    12288, 0xdfdeabd8
0,    1205248,    1205248,      512,    12288, 0x4350af43
0,    1205760,    1205760,      512,    12288, 0x0d5d011a
0,    1206272,    1206272,      512,    12288, 0x3d0b3179
0,    1206784,    1206784,      512,    12288, 0x365c1166
0,    1207296,    1207296,      512,    12288, 0xe01558e3
0,    1207808,    1207808,      512,    12288, 0x72f4a4b5
0,    1208320,    1208320,      512,    12288, 0x584e3f36
0,    1208832,    1208832,      512,    12288, 0x1efb18b3
0,    1209344,    1209344,      512,    12288, 0x4e89c413
0,    1209856,    1209856,      512,    12288, 0x8dd38d60
0,    1210368,    1210368,      512,    12288, 0xa2e4fafa
0,    1210880,    1210880,      512,    12288, 0x4b2f6936
0,    1211392,    1211392,      512,    12288, 0x0956d89d
0,    1211904,    1211904,      512,    12288, 0x4c464181
0,    1212416,    1212416,      512,    12288, 0x624c0069
0,    1212928,    1212928,      512,    12288, 0x2ae80104
0,    1213440,    1213440,      512,    12288, 0xcac0cf7d
0,    1213952,    1213952,      512,    12288, 0xd2b008f8
0,    1214464,    1214464,      512,    12288, 0x61f5cb75
0,    1214976,    1214976,      512,    12288, 0xb44bd7c1
0,    1215488,    1215488,      512,    12288, 0xc146feb7
0,    1216000,    1216000,      512,    12288, 0xd35aa4e3
0,    1216512,    1216512,      512,    12288, 0xc1f74701
0,    1217024,    1217024,      512,    12288, 0x3f80ce79
0,    1217536,    1217536,      512,    12288, 0x8c11dc06
0,    1218048,    1218048,      512,    12288, 0xb1eb9f7e
0,    1218560,    1218560,      512,    12288, 0xc949ef7e
0,    1219072,    1219072,      512,    12288, 0xe726109a
0,    1219584,    1219584,      512,    12288, 0x5c358108
0,    1220096,    1220096,      512,    12288, 0x999669f4
0,    1220608,    1220608,      512,    12288, 0xb32491a1
0,    1221120,    1221120,      512,    12288, 0x702dec9b
0,    1221632,    1221632,      512,    12288, 0xf7f3d1ea
0,    1222144,    1222144,      512,    12288, 0x88e9e984
0,    1222656,    1222656,      512,    12288, 0xdec562c1
0,    1223168,    1223168,      512,    12288, 0xbad43127
0,    1223680,    1223680,      512,    12288, 0x6382cfed
0,    1224192,    1224192,      512,    12288, 0x91d71a34
0,    1224704,    1224704,      512,    12288, 0x369a458f
0,    1225216,    1225216,      512,    12288, 0x18ed9426
0,    1225728,    1225728,      512,    12288, 0x0d434280
0,    1226240,    1226240,      512,    12288, 0x94cca60a
0,    1226752,    1226752,      512,    12288, 0xd492a598
0,    1227264,    1227264,      512,    12288, 0xd29ac06d
0,    1227776,    1227776,      512,    12288, 0xbd2af1b7
0,    1228288,    1228288,      512,    12288, 0x7ac1617e
0,    1228800,    1228800,      512,    12288, 0xf8d1d85d
0,    1229312,    1229312,      512,    12288, 0x76437448
0,    1229824,    1229824,      512,    12288, 0xf14c8187
0,    1230336,    1230336,      512,    12288, 0xc7edaeaa
0,    1230848,    1230848,      512,    12288, 0x5d32b8a5
0,    1231360,    1231360,      512,    12288, 0xa6421e6b
0,    1231872,    1231872,      512,    12288, 0x569f10fc
0,    1232384,    1232384,      512,    12288, 0xbae2c45e
0,    1232896,    1232896,      512,    12288, 0xfa0050ff
0,    1233408,    1233408,      512,    12288, 0xb6c99fa7
0,    1233920,    1233920,      512,    12288, 0x465f36d7
0,    1234432,    1234432,      512,    12288, 0x77fe010c
0,    1234944,    1234944,      512,    12288, 0x5b4ee88f
0,    1235456,    1235456,      512,    12288, 0x0679f551
0,    1235968,    1235968,      512,    12288, 0x98c1d965
0,    1236480,    1236480,      512,    12288, 0x46e3d802
0,    1236992,    1236992,      512,    12288, 0xe53f3aa7
0,    1237504,    1237504,      512,    12288, 0xa7241aa9
0,    1238016,    1238016,      512,    12288, 0x88e5aa21
0,    1238528,    1238528,      512,    12288, 0x938c2807
0,    1239040,    1239040,      512,    12288, 0x517494b5
0,    1239552,    1239552,      512,    12288, 0x181a2bb7
0,    1240064,    1240064,      512,    12288, 0xa24215cc
0,    1240576,    1240576,      512,    12288, 0xeff21630
0,    1241088,    1241088,      512,    12288, 0x7651cdd1
0,    1241600,    1241600,      512,    12288, 0xa9c9f1e7
0,    1242112,    1242112,      512,    12288, 0x357320d5
0,    1242624,    1242624,      512,    12288, 0xb147514f
0,    1243136,    1243136,      512,    12288, 0xf132431e
0,    1243648,    1243648,      512,    12288, 0x0f503571
0,    1244160,    1244160,      512,    12288, 0x8b169540
0,    1244672,    1244672,      512,    12288, 0xe0e76834
0,    1245184,    1245184,      512,    12288, 0x97f573a6
0,    1245696,    1245696,      512,    12288, 0xf5542a66
0,    1246208,    1246208,      512,    12288, 0x5f5c3aa7
0,    1246720,    1246720,      512,    12288, 0x9e88fbbb
0,    1247232,    1247232,      512,    12288, 0x35bab591
0,    1247744,    1247744,      512,    12288, 0x2e9274c4
0,    1248256,    1248256,      512,    12288, 0xdc955847
0,    1248768,    1248768,      512,    12288, 0x4956743e
0,    1249280,    1249280,      512,    12288, 0xef45c9b6
0,    1249792,    1249792,      512,    12288, 0xa8bbe00e
0,    1250304,    1250304,      512,    12288, 0xf5cb3e66
0,    1250816,    1250816,      512,    12288, 0x99039e70
0,    1251328,    1251328,      512,    12288, 0xeb1d4df8
0,    1251840,    1251840,      512,    12288, 0xfb6191e8
0,    1252352,    1252352,      512,    12288, 0x5cec4073
0,    1252864,    1252864,      512,    12288, 0xeeb23456
0,    1253376,    1253376,      512,    12288, 0xab1ae9e9
0,    1253888,    1253888,      512,    12288, 0x8d4ac35a
0,    1254400,    1254400,      512,    12288, 0x57c2e48c
0,    1254912,    1254912,      512,    12288, 0x392b82f5
0,    1255424,    1255424,      512,    12288, 0xd7ed42be
0,    1255936,    1255936,      512,    12288, 0x917faeb3
0,    1256448,    1256448,      512,    12288, 0x5111085d
0,    1256960,    1256960,      512,    12288, 0x4caa08cd
0,    1257472,    1257472,      512,    12288, 0xa5b1511a
0,    1257984,    1257984,      512,    12288, 0x6d65dfde
0,    1258496,    1258496,      512,    12288, 0xee191dbd
0,    1259008,    1259008,      512,    12288, 0xb80d2a1f
0,    1259520,    1259520,      512,    12288, 0x5664c25a
0,    1260032,    1260032,      512,    12288, 0x18b37c60
0,    1260544,    1260544,      512,    12288, 0xd5db572e
0,    1261056,    1261056,      512,    12288, 0x1057b8d3
0,    1261568,    1261568,      512,    12288, 0x41867822
0,    1262080,    1262080,      512,    12288, 0x1ca7b5cb
0,    1262592,    1262592,      512,    12288, 0x6b8518a0
0,    1263104,    1263104,      512,    12288, 0x86e01f36
0,    1263616,    1263616,      512,    12288, 0x3e7fb03b
0,    1264128,    1264128,      512,    12288, 0x35600ea4
0,    1264640,    1264640,      512,    12288, 0xe04dc816
0,    1265152,    1265152,      512,    12288, 0xbb0411f7
0,    1265664,    1265664,      512,    12288, 0x3b1df9a7
0,    1266176,    1266176,      512,    12288, 0xea86a498
0,    1266688,    1266688,      512,    12288, 0x7ee8c97d
0,    1267200,    1267200,      512,    12288, 0x7a1f8687
0,    1267712,    1267712,      512,    12288, 0xd65f35c4
0,    1268224,    1268224,      512,    12288, 0xafc3b2c3
0,    1268736,    1268736,      512,    12288, 0x34f857ac
0,    1269248,    1269248,      512,    12288, 0xa85b197d
0,    1269760,    1269760,      512,    12288, 0x84b41c6f
0,    1270272,    1270272,      512,    12288, 0xf0e8ff34
0,    1270784,    1270784,      512,    12288, 0x076d9106
0,    1271296,    1271296,      512,    12288, 0xdd6b605e
0,    1271808,    1271808,      512,    12288, 0x0ec450f0
0,    1272320,    1272320,      512,    12288, 0x53a5890b
0,    1272832,    1272832,      512,    12288, 0x9ad94d87
0,    1273344,    1273344,      512,    12288, 0xb2ebc084
0,    1273856,    1273856,      512,    12288, 0x1fdfac21
0,    1274368,    1274368,      512,    12288, 0xbd71b8e6
0,    1274880,    1274880,      512,    12288, 0x177090b4
0,    1275392,    1275392,      512,    12288, 0xd886ccb2
0,    1275904,    1275904,      512,    12288, 0x7f1cd8e5
0,    1276416,    1276416,      512,    12288, 0xda780556
0,    1276928,    1276928,      512,    12288, 0x5dabae12
0,    1277440,    1277440,      512,    12288, 0x0f0c0f48
0,    1277952,    1277952,      512,    12288, 0xbe41891a
0,    1278464,    1278464,      512,    12288, 0xb91c5909
0,    1278976,    1278976,      512,    12288, 0xadaf893e
0,    1279488,    1279488,      512,    12288, 0xae1a1055
0,    1280000,    1280000,      512,    12288, 0x9d840b66
0,    1280512,    1280512,      512,    12288, 0x09d85596
0,    1281024,    1281024,      512,    12288, 0x2d6f8fb5
0,    1281536,    1281536,      512,    12288, 0x617c07ad
0,    1282048,    1282048,      512,    12288, 0xa9ff3bcd
0,    1282560,    1282560,      512,    12288, 0x22e232df
0,    1283072,    1283072,      512,    12288, 0xdb4ef6a6
0,    1283584,    1283584,      512,    12288, 0x73f62a41
0,    1284096,    1284096,      512,    12288, 0x078d2df3
0,    1284608,    1284608,      512,    12288, 0x35e0cc3a
0,    1285120,    1285120,      512,    12288, 0xf7c605c0
0,    1285632,    1285632,      512,    12288, 0x0ce1e269
0,    1286144,    1286144,      512,    12288, 0x74bad506
0,    1286656,    1286656,      512,    12288, 0x6c22b886
0,    1287168,    1287168,      512,    12288, 0xdad39811
0,    1287680,    1287680,      512,    12288, 0x5d9719e7
0,    1288192,    1288192,      512,    12288, 0x60d8fe87
0,    1288704,    1288704,      512,    12288, 0x599f8e8e
0,    1289216,    1289216,      512,    12288, 0x9a5b05d6
0,    1289728,    1289728,      512,    12288, 0x343b7d31
0,    1290240,    1290240,      512,    12288, 0x61a00cef
0,    1290752,    1290752,      512,    12288, 0x992b2f0f
0,    1291264,    1291264,      512,    12288, 0x6218a746
0,    1291776,    1291776,      512,    12288, 0x154d232e
0,    1292288,    1292288,      512,    12288, 0xcc315799
0,    1292800,    1292800,      512,    12288, 0x02834fe3
0,    1293312,    1293312,      512,    12288, 0x2fe53760
0,    1293824,    1293824,      512,    12288, 0x4d03d5f4
0,    1294336,    1294336,      512,    12288, 0x65739f96
0,    1294848,    1294848,      512,    12288, 0x02d22d0a
0,    1295360,    1295360,      512,    12288, 0x12df69fb
0,    1295872,    1295872,      512,    12288, 0xc74ce1b4
0,    1296384,    1296384,      512,    12288, 0xf7de4c89
0,    1296896,    1296896,      512,    12288, 0x77c58b70
0,    1297408,    1297408,      512,    12288, 0x22ff60c6
0,    1297920,    1297920,      512,    12288, 0x2d9c9e8e
0,    1298432,    1298432,      512,    12288, 0x4eb54b4b
0,    1298944,    1298944,      512,    12288, 0xcfce8ea7
0,    1299456,    1299456,      512,    12288, 0x5f2819a7
0,    1299968,    1299968,      512,    12288, 0xa97699ff
0,    1300480,    1300480,      512,    12288, 0xb6e7637a
0,    1300992,    1300992,      512,    12288, 0xf35a3adc
0,    1301504,    1301504,      512,    12288, 0x0f8d3205
0,    1302016,    1302016,      512,    12288, 0x3c7969ae
0,    1302528,    1302528,      512,    12288, 0xc923af96
0,    1303040,    1303040,      512,    12288, 0x2dc64fc7
0,    1303552,    1303552,      512,    12288, 0x66f2f537
0,    1304064,    1304064,      512,    12288, 0x256f7e85
0,    1304576,    1304576,      512,    12288, 0x68be6584
0,    1305088,    1305088,      512,    12288, 0xcbad81e0
0,    1305600,    1305600,      512,    12288, 0x9042e2d1
0,    1306112,    1306112,      512,    12288, 0x898b014a
0,    1306624,    1306624,      512,    12288, 0xb01b97d2
0,    1307136,    1307136,      512,    12288, 0x97f6ca47
0,    1307648,    1307648,      512,    12288, 0x98fc5d77
0,    1308160,    1308160,      512,    12288, 0xbdd2b01c
0,    1308672,    1308672,      512,    12288, 0x6dc8842b
0,    1309184,    1309184,      512,    12288, 0xde5794d9
0,    1309696,    1309696,      512,    12288, 0xfedb5bad
0,    1310208,    1310208,      512,    12288, 0xe94ab04f
0,    1310720,    1310720,      512,    12288, 0x73c97c4c
0,    1311232,    1311232,      512,    12288, 0x80ac6624
0,    1311744,    1311744,      512,    12288, 0xaa621f2f
0,    1312256,    1312256,      512,    12288, 0xe7698cb7
0,    1312768,    1312768,      512,    12288, 0x5a982707
0,    1313280,    1313280,      512,    12288, 0xfa1373fd
0,    1313792,    1313792,      512,    12288, 0x98f605a1
0,    1314304,    1314304,      512,    12288, 0xaf8d86cd
0,    1314816,    1314816,      512,    12288, 0x520028ed
0,    1315328,    1315328,      512,    12288, 0xe30317fa
0,    1315840,    1315840,      512,    12288, 0x66617027
0,    1316352,    1316352,      512,    12288, 0x07dc1e49
0,    1316864,    1316864,      512,    12288, 0x0f36412a
0,    1317376,    1317376,      512,    12288, 0x0899cc9b
0,    1317888,    1317888,      512,    12288, 0x8da5ef4e
0,    1318400,    1318400,      512,    12288, 0xe5b24fae
0,    1318912,    1318912,      512,    12288, 0x205dac73
0,    1319424,    1319424,      512,    12288, 0x82fd1054
0,    1319936,    1319936,      512,    12288, 0xd078da69
0,    1320448,    1320448,      512,    12288, 0xcbbd34da
0,    1320960,    1320960,      512,    12288, 0xeb0f29f4
0,    1321472,    1321472,      512,    12288, 0x437aefc0
0,    1321984,    1321984,      512,    12288, 0xb5befc4a
0,    1322496,    1322496,      512,    12288, 0x491f26e1
0,    1323008,    1323008,      512,    12288, 0x5b3a10e5
0,    1323520,    1323520,      512,    12288, 0xf8b3d9c8
0,    1324032,    1324032,      512,    12288, 0x2764c425
0,    1324544,    1324544,      512,    12288, 0x5868dcdf
0,    1325056,    1325056,      512,    12288, 0x189e931c
0,    1325568,    1325568,      512,    12288, 0x49231185
0,    1326080,    1326080,      512,    12288, 0xc3cbe78d
0,    1326592,    1326592,      512,    12288, 0x8f071de1
0,    1327104,    1327104,      512,    12288, 0x40ab9197
0,    1327616,    1327616,      512,    12288, 0x315a22b0
0,    1328128,    1328128,      512,    12288, 0xeb74cff1
0,    1328640,    1328640,      512,    12288, 0xf700b33a
0,    1329152,    1329152,      512,    12288, 0x9dcd579f
0,    1329664,    1329664,      512,    12288, 0x9565f2b9
0,    1330176,    1330176,      512,    12288, 0xb64f4899
0,    1330688,    1330688,      512,    12288, 0x2bd2facc
0,    1331200,    1331200,      512,    12288, 0xdbcd8491
0,    1331712,    1331712,      512,    12288, 0x1e0ba04d
0,    1332224,    1332224,      512,    12288, 0x8a388815
0,    1332736,    1332736,      512,    12288, 0x56b17dad
0,    1333248,    1333248,      512,    12288, 0x159fb714
0,    1333760,    1333760,      512,    12288, 0xdd1b65dc
0,    1334272,    1334272,      512,    12288, 0x7d2257b5
0,    1334784,    1334784,      512,    12288, 0xfa663003
0,    1335296,    1335296,      512,    12288, 0xf4a910e6
0,    1335808,    1335808,      512,    12288, 0xd32baa7c
0,    1336320,    1336320,      512,    12288, 0x6631b87c
0,    1336832,    1336832,      512,    12288, 0xa906a34f
0,    1337344,    1337344,      512,    12288, 0x992cde7d
0,    1337856,    1337856,      512,    12288, 0x1a60f764
0,    1338368,    1338368,      512,    12288, 0xcb64cae9
0,    1338880,    1338880,      512,    12288, 0x13979cc2
0,    1339392,    1339392,      512,    12288, 0xa7817b40
0,    1339904,    1339904,      512,    12288, 0x58d64a5b
0,    1340416,    1340416,      512,    12288, 0x5f4ee23f
0,    1340928,    1340928,      512,    12288, 0x65c80adb
0,    1341440,    1341440,      512,    12288, 0xaf1fe555
0,    1341952,    1341952,      512,    12288, 0x2b58f4bf
0,    1342464,    1342464,      512,    12288, 0x29937e89
0,    1342976,    1342976,      512,    12288, 0x578d9c35
0,    1343488,    1343488,      512,    12288, 0xbec11105
0,    1344000,    1344000,      512,    12288, 0x866586bf
0,    1344512,    1344512,      512,    12288, 0x060ee377
0,    1345024,    1345024,      512,    12288, 0x86b310d2
0,    1345536,    1345536,      512,    12288, 0xa092542e
0,    1346048,    1346048,      512,    12288, 0xca8f2b2c
0,    1346560,    1346560,      512,    12288, 0xaa5a65c3
0,    1347072,    1347072,      512,    12288, 0xef9f82a1
0,    1347584,    1347584,      512,    12288, 0xe23b29ea
0,    1348096,    1348096,      512,    12288, 0xead97bba
0,    1348608,    1348608,      512,    12288, 0x2cb4852f
0,    1349120,    1349120,      512,    12288, 0x89f5c19c
0,    1349632,    1349632,      512,    12288, 0xcf992668
0,    1350144,    1350144,      512,    12288, 0xbe5b3952
0,    1350656,    1350656,      512,    12288, 0xb76c7ea0
0,    1351168,    1351168,      512,    12288, 0x1eefac17
0,    1351680,    1351680,      512,    12288, 0xeb42cb36
0,    1352192,    1352192,      512,    12288, 0x1fae0f9c
0,    1352704,    1352704,      512,    12288, 0xfee4cf07
0,    1353216,    1353216,      512,    12288, 0xe6874ae0
0,    1353728,    1353728,      512,    12288, 0x314569fc
0,    1354240,    1354240,      512,    12288, 0x3935ddde
0,    1354752,    1354752,      512,    12288, 0x9d0b2e79
0,    1355264,    1355264,      512,    12288, 0x1960343e
0,    1355776,    1355776,      512,    12288, 0xd58ff180
0,    1356288,    1356288,      512,    12288, 0x8a5358f0
0,    1356800,    1356800,      512,    12288, 0xceda1053
0,    1357312,    1357312,      512,    12288, 0x8aa2044b
0,    1357824,    1357824,      512,    12288, 0x39b31a15
0,    1358336,    1358336,      512,    12288, 0x847a7fce
0,    1358848,    1358848,      512,    12288, 0xaa0395ae
0,    1359360,    1359360,      512,    12288, 0xfe14d981
0,    1359872,    1359872,      512,    12288, 0xab0e13fb
0,    1360384,    1360384,      512,    12288, 0x2c67618e
0,    1360896,    1360896,      512,    12288, 0xa064ebb8
0,    1361408,    1361408,      512,    12288, 0x9ec5f422
0,    1361920,    1361920,      512,    12288, 0xd65aed72
0,    1362432,    1362432,      512,    12288, 0xf9bf0c0c
0,    1362944,    1362944,      512,    12288, 0xd4ffc687
0,    1363456,    1363456,      512,    12288, 0x57d6bcc1
0,    1363968,    1363968,      512,    12288, 0x331eddf5
0,    1364480,    1364480,      512,    12288, 0x8faf2add
0,    1364992,    1364992,      512,    12288, 0xd8835d1d
0,    1365504,    1365504,      512,    12288, 0x16b52334
0,    1366016,    1366016,      512,    12288, 0xc3788bd9
0,    1366528,    1366528,      512,    12288, 0x0827d21a
0,    1367040,    1367040,      512,    12288, 0x912c79a3
0,    1367552,    1367552,      512,    12288, 0xc88f71fe
0,    1368064,    1368064,      512,    12288, 0x2c8d0646
0,    1368576,    1368576,      512,    12288, 0x09ae278a
0,    1369088,    1369088,      512,    12288, 0xf02616dc
0,    1369600,    1369600,      512,    12288, 0xc40ea039
0,    1370112,    1370112,      512,    12288, 0xac6beea6
0,    1370624,    1370624,      512,    12288, 0xbfc82f40
0,    1371136,    1371136,      512,    12288, 0x5cc7a7bf
0,    1371648,    1371648,      512,    12288, 0x92ed22b6
0,    1372160,    1372160,      512,    12288, 0x8809b0a1
0,    1372672,    1372672,      512,    12288, 0xa63ac18b
0,    1373184,    1373184,      512,    12288, 0xc10da967
0,    1373696,    1373696,      512,    12288, 0x9d3abbe3
0,    1374208,    1374208,      512,    12288, 0xbc715856
0,    1374720,    1374720,      512,    12288, 0xabf57396
0,    1375232,    1375232,      512,    12288, 0xcdacb8ee
0,    1375744,    1375744,      512,    12288, 0x22f5b6ce
0,    1376256,    1376256,      512,    12288, 0xc0656829
0,    1376768,    1376768,      512,    12288, 0x9ff97880
0,    1377280,    1377280,      512,    12288, 0x3a905758
0,    1377792,    1377792,      512,    12288, 0x8344bc90
0,    1378304,    1378304,      512,    12288, 0x3ff01813
0,    1378816,    1378816,      512,    12288, 0x6d039224
0,    1379328,    1379328,      512,    12288, 0x19d350b2
0,    1379840,    1379840,      512,    12288, 0xe8145e32
0,    1380352,    1380352,      512,    12288, 0x292a320c
0,    1380864,    1380864,      512,    12288, 0x5c5ea489
0,    1381376,    1381376,      512,    12288, 0xff9552a2
0,    1381888,    1381888,      512,    12288, 0x80d61484
0,    1382400,    1382400,      512,    12288, 0xbe7ac491
0,    1382912,    1382912,      512,    12288, 0x222a3ef3
0,    1383424,    1383424,      512,    12288, 0x52b9009c
0,    1383936,    1383936,      512,    12288, 0x619bbaba
0,    1384448,    1384448,      512,    12288, 0x16618e52
0,    1384960,    1384960,      512,    12288, 0xb3290bd1
0,    1385472,    1385472,      512,    12288, 0x1b11782c
0,    1385984,    1385984,      512,    12288, 0x91ef3e79
0,    1386496,    1386496,      512,    12288, 0x462b340d
0,    1387008,    1387008,      512,    12288, 0xd1cef29b
0,    1387520,    1387520,      512,    12288, 0xaa5c2670
0,    1388032,    1388032,      512,    12288, 0xcc5ab813
0,    1388544,    1388544,      512,    12288, 0x6f680eff
0,    1389056,    1389056,      512,    12288, 0x86323a8f
0,    1389568,    1389568,      512,    12288, 0x80aaedc7
0,    1390080,    1390080,      512,    12288, 0x0a0d0cee
0,    1390592,    1390592,      512,    12288, 0x00f69341
0,    1391104,    1391104,      512,    12288, 0xdfc0ae0c
0,    1391616,    1391616,      512,    12288, 0xaa161e34
0,    1392128,    1392128,      512,    12288, 0x1af87e70
0,    1392640,    1392640,      512,    12288, 0x4d292cc1
0,    1393152,    1393152,      512,    12288, 0x5029229e
0,    1393664,    1393664,      512,    12288, 0xc0a8d0f9
0,    1394176,    1394176,      512,    12288, 0x8fdaa07d
0,    1394688,    1394688,      512,    12288, 0xf86399b0
0,    1395200,    1395200,      512,    12288, 0xe70fc4a8
0,    1395712,    1395712,      512,    12288, 0x284efaed
0,    1396224,    1396224,      512,    12288, 0x00ab17ca
0,    1396736,    1396736,      512,    12288, 0x3191df4f
0,    1397248,    1397248,      512,    12288, 0x5d0da9e7
0,    1397760,    1397760,      512,    12288, 0xb992cbd1
0,    1398272,    1398272,      512,    12288, 0xc42dd7af
0,    1398784,    1398784,      512,    12288, 0xca33badc
0,    1399296,    1399296,      512,    12288, 0x43dca368
0,    1399808,    1399808,      512,    12288, 0xe17abe5d
0,    1400320,    1400320,      512,    12288, 0x4181a669
0,    1400832,    1400832,      512,    12288, 0x28900c39
0,    1401344,    1401344,      512,    12288, 0xfe55cc99
0,    1401856,    1401856,      512,    12288, 0x1a39576a
0,    1402368,    1402368,      512,    12288, 0x9732dda5
0,    1402880,    1402880,      512,    12288, 0x7c42999b
0,    1403392,    1403392,      512,    12288, 0x148326bc
0,    1403904,    1403904,      512,    12288, 0x10656011
0,    1404416,    1404416,      512,    12288, 0x5d8580f2
0,    1404928,    1404928,      512,    12288, 0x40c22bf4
0,    1405440,    1405440,      512,    12288, 0x1341f081
0,    1405952,    1405952,      512,    12288, 0xfdf3a930
0,    1406464,    1406464,      512,    12288, 0x19b6ab57
0,    1406976,    1406976,      512,    12288, 0x7ffa97c1
0,    1407488,    1407488,      512,    12288, 0xd8cf826e
0,    1408000,    1408000,      512,    12288, 0xaa6c64bd
0,    1408512,    1408512,      512,    12288, 0x3af09bc0
0,    1409024,    1409024,      512,    12288, 0x3582144f
0,    1409536,    1409536,      512,    12288, 0x7e87a1d7
0,    1410048,    1410048,      512,    12288, 0x79eb1e60
0,    1410560,    1410560,      512,    12288, 0xd4743d54
0,    1411072,    1411072,      512,    12288, 0x2d6ed8dd
0,    1411584,    1411584,      512,    12288, 0x552dc5bd
0,    1412096,    1412096,      512,    12288, 0xadabce4a
0,    1412608,    1412608,      512,    12288, 0x230d259a
0,    1413120,    1413120,      512,    12288, 0xefc7239a
0,    1413632,    1413632,      512,    12288, 0x5e742f0d
0,    1414144,    1414144,      512,    12288, 0x1f44ed74
0,    1414656,    1414656,      512,    12288, 0xa45527da
0,    1415168,    1415168,      512,    12288, 0xd85bd6b7
0,    1415680,    1415680,      512,    12288, 0x5b145006
0,    1416192,    1416192,      512,    12288, 0x056df094
0,    1416704,    1416704,      512,    12288, 0xfc0959a0
0,    1417216,    1417216,      512,    12288, 0x51ec49c7
0,    1417728,    1417728,      512,    12288, 0xf602c34e
0,    1418240,    1418240,      512,    12288, 0x630dff33
0,    1418752,    1418752,      512,    12288, 0xe199cec2
0,    1419264,    1419264,      512,    12288, 0xe9b0c35c
0,    1419776,    1419776,      512,    12288, 0x3d14c5a0
0,    1420288,    1420288,      512,    12288, 0x165a0402
0,    1420800,    1420800,      512,    12288, 0xb9b44361
0,    1421312,    1421312,      512,    12288, 0x9fcbe2b6
0,    1421824,    1421824,      512,    12288, 0x13b6a70c
0,    1422336,    1422336,      512,    12288, 0x0a521923
0,    1422848,    1422848,      512,    12288, 0x937b01d1
0,    1423360,    1423360,      512,    12288, 0x99d98566
0,    1423872,    1423872,      512,    12288, 0x79797531
0,    1424384,    1424384,      512,    12288, 0xa414b31b
0,    1424896,    1424896,      512,    12288, 0xf96292ea
0,    1425408,    1425408,      512,    12288, 0x4891e21b
0,    1425920,    1425920,      512,    12288, 0x5d1170b9
0,    1426432,    1426432,      512,    12288, 0xdf2f5450
0,    1426944,    1426944,      512,    12288, 0xd6a561e1
0,    1427456,    1427456,      512,    12288, 0x0a036875
0,    1427968,    1427968,      512,    12288, 0xf7bca1c1
0,    1428480,    1428480,      512,    12288, 0xafda81e0
0,    1428992,    1428992,      512,    12288, 0xe57abacb
0,    1429504,    1429504,      512,    12288, 0x4859e120
0,    1430016,    1430016,      512,    12288, 0x1be8af9f
0,    1430528,    1430528,      512,    12288, 0x500676d5
0,    1431040,    1431040,      512,    12288, 0xcb72c5b8
0,    1431552,    1431552,      512,    12288, 0x68d0ccd8
0,    1432064,    1432064,      512,    12288, 0xd7f7e1ec
0,    1432576,    1432576,      512,    12288, 0xd873c16a
0,    1433088,    1433088,      512,    12288, 0xe935e3e8
0,    1433600,    1433600,      512,    12288, 0x636ead3b
0,    1434112,    1434112,      512,    12288, 0xa7ca7417
0,    1434624,    1434624,      512,    12288, 0xf6f587dc
0,    1435136,    1435136,      512,    12288, 0x2877861d
0,    1435648,    1435648,      512,    12288, 0x4816ea0b
0,    1436160,    1436160,      512,    12288, 0x1b6d5087
0,    1436672,    1436672,      512,    12288, 0x7e6ff1dc
0,    1437184,    1437184,      512,    12288, 0xd3fc5506
0,    1437696,    1437696,      512,    12288, 0xf393d0a2
0,    1438208,    1438208,      512,    12288, 0xd988ddbc
0,    1438720,    1438720,      512,    12288, 0x808da5cb
0,    1439232,    1439232,      512,    12288, 0xe7c9c68f
0,    1439744,    1439744,      512,    12288, 0x52ab789b
